window_start,window_end,feature_cutoff,lookback_start,event_count,velocity_per_step,amount_mean,amount_std,amount_deviation,mean_interarrival_steps,unique_origins,unique_destinations,destination_entropy,amount_entropy,repetition_ratio,max_entity_relative_velocity,max_entity_relative_amount,max_entity_relative_velocity_lag1,max_entity_relative_amount_lag1,velocity_delta,amount_delta,is_synthetic_spike,scenario_ids
7,12,7,1,7164,1194.0,97349.71232970405,273586.02588140516,85075.71232970405,1.0,7164,4583,11.30909067721224,12.795835651089519,0.007816862088218872,0.3333333333333333,200000.0,0.0,0.0,0.3333333333333333,200000.0,False,
8,13,8,2,11293,1882.1666666666667,110237.75544319488,280562.7701665553,97084.19544319488,1.0,11293,7892,12.382271014027214,13.454042180953293,0.0031878154609049853,0.3333333333333333,200000.0,0.3333333333333333,200000.0,0.0,0.0,False,
9,14,9,3,31376,5229.333333333333,146564.11829264407,312627.3498069761,121476.76329264406,1.0,31376,18709,13.512675754972587,14.929349392683513,0.001242988271290158,0.3333333333333333,200000.0,0.3333333333333333,200000.0,0.0,0.0,False,
10,15,10,4,68452,11408.666666666666,168931.23839420325,337006.98560602684,119486.82839420324,1.0,68452,37051,14.445475179815812,16.054335278227796,0.0006281774089873195,0.3333333333333333,200000.0,0.3333333333333333,200000.0,0.0,0.0,False,
11,16,11,5,103878,17313.0,179200.46588979376,349079.9552153487,120214.27588979376,1.0,103878,52883,14.899549257956535,16.654417510151394,0.000423573807735998,0.3333333333333333,128396.70539999999,0.3333333333333333,200000.0,0.0,-71603.29460000001,False,
12,17,12,6,140454,23409.0,182155.75479487947,342720.74886431306,117312.33479487947,1.0,140453,68905,15.23680429939172,17.08786562373713,0.00034886866874563917,0.6666666666666666,128396.70539999999,0.3333333333333333,128396.70539999999,0.3333333333333333,0.0,False,
13,18,13,7,174947,29157.833333333332,183909.86205816618,335020.33735836024,113429.72205816618,1.0,174944,83676,15.490323763540843,17.403344034682735,0.0002915168593917015,0.6666666666666666,128396.70539999999,0.6666666666666666,128396.70539999999,0.0,0.0,False,
14,19,14,8,205625,34270.833333333336,185722.01251413982,328161.05267052853,107966.03251413982,1.0,205619,95042,15.66471779789185,17.635393135229805,0.0002188449848024316,0.6666666666666666,128396.70539999999,0.6666666666666666,128396.70539999999,0.0,0.0,False,
15,20,15,9,226013,37668.833333333336,184164.95223500417,312929.9111985535,99811.26223500416,1.0,226007,103412,15.838736603953109,17.771484862758278,0.00013273572759089078,0.6666666666666666,128396.70539999999,0.6666666666666666,128396.70539999999,0.0,0.0,False,
16,21,16,10,232994,38832.333333333336,179399.54383627904,289700.68838564353,91382.75883627904,1.0,232981,107187,15.975545335237431,17.81528554839099,0.0001072989004008687,0.6666666666666666,128396.70539999999,0.6666666666666666,128396.70539999999,0.0,0.0,False,
17,22,17,11,239474,39912.333333333336,173859.73890288715,263685.25534198165,83075.18390288716,1.0,239462,111512,16.09848155642969,17.855016875948934,8.769219205425224e-05,0.6666666666666666,123770.2962,0.6666666666666666,128396.70539999999,0.0,-4626.409199999995,False,
18,23,18,12,245594,40932.333333333336,169939.60100120527,250415.13919290726,77729.99600120528,1.0,245578,115738,16.207115188695536,17.89163357160929,8.143521421533099e-05,0.6666666666666666,123770.2962,0.6666666666666666,123770.2962,0.0,0.0,False,
19,24,19,13,259020,43170.0,163064.37009420124,234890.71336008116,71734.50509420125,1.0,259001,123341,16.336267135363897,17.96728881946199,7.335340900316578e-05,0.6666666666666666,123770.2962,0.6666666666666666,123770.2962,0.0,0.0,False,
20,25,20,14,272857,45476.166666666664,155734.46410317495,222185.43395790178,67091.14410317494,1.0,272837,130970,16.45324199425384,18.040829368078946,6.596862092597954e-05,0.6666666666666666,200000.0,0.6666666666666666,123770.2962,0.0,76229.7038,False,
21,26,21,15,271997,45332.833333333336,149975.8552488079,218375.11519096312,66127.0452488079,1.0,271979,134209,16.529734466170012,18.03496032445391,6.250068934583837e-05,0.6666666666666666,200000.0,0.6666666666666666,200000.0,0.0,0.0,False,
22,27,22,16,246540,41090.0,145408.82878624162,217916.34778091122,66837.01878624162,1.0,246523,128883,16.53694085395061,17.893896515047025,6.489819096292691e-05,0.6666666666666666,200000.0,0.6666666666666666,200000.0,0.0,0.0,False,
23,28,23,17,216704,36117.333333333336,140030.4415353662,216608.5064217527,67642.29653536621,1.0,216688,121197,16.509387227528165,17.707947813265797,6.460425280567041e-05,0.6666666666666666,200000.0,0.6666666666666666,200000.0,0.0,0.0,False,
24,29,24,18,179487,29914.5,133078.99202415775,209058.7405852704,67563.99202415775,1.0,179479,109049,16.42620616340953,17.437544508978526,6.128577557148986e-05,0.6666666666666666,200000.0,0.6666666666666666,200000.0,0.0,0.0,False,
25,30,25,19,133124,22187.333333333332,127873.56530174875,210935.22633729514,71331.92030174875,1.0,133120,90455,16.23653769604592,17.009043558888266,7.511793515819838e-05,0.6666666666666666,200000.0,0.6666666666666666,200000.0,0.0,0.0,False,
26,31,26,20,83370,13895.0,121265.02083303344,213949.81790248345,81714.06083303344,1.0,83369,65546,15.861516709222144,16.337290975394374,9.595777857742594e-05,0.6666666666666666,84245.82,0.6666666666666666,200000.0,0.0,-115754.18,False,
27,32,27,21,43185,7197.5,115543.85950607852,224171.41269020113,92699.35950607852,1.0,43185,38628,15.173837397239726,15.391249500247556,0.0001157809424568716,0.3333333333333333,84245.82,0.6666666666666666,84245.82,-0.3333333333333333,0.0,False,
28,33,28,22,24074,4012.3333333333335,114666.3404594168,235831.07892108805,95922.95545941679,1.0,24074,22757,14.44210072122184,14.54870823140742,0.00016615435739802275,0.3333333333333333,84245.82,0.3333333333333333,84245.82,0.0,0.0,False,
29,34,29,23,11443,1907.1666666666667,114740.52152145417,247138.48994643922,97529.48152145417,1.0,11443,11151,13.430086633669784,13.475536096226335,0.00026216901162282616,0.3333333333333333,84245.82,0.3333333333333333,84245.82,0.0,0.0,False,
30,35,30,24,5303,883.8333333333334,123906.37318498963,265949.6840319222,106493.33318498963,1.0,5303,5237,12.347559111303639,12.362032972797541,0.0005657175183858194,0.3333333333333333,84245.82,0.3333333333333333,84245.82,0.0,0.0,False,
31,36,31,25,2095,349.1666666666667,126915.34790930788,292002.23552262405,111279.65790930788,1.0,2095,2082,11.020324027393393,11.006958872262128,0.0009546539379474941,0.3333333333333333,84245.82,0.3333333333333333,84245.82,0.0,0.0,False,
32,37,32,26,509,84.83333333333333,173170.86899803535,445880.33215018874,123106.55899803535,1.0,509,508,8.987592572991215,8.897219292048188,0.003929273084479371,0.3333333333333333,100423.7308,0.3333333333333333,84245.82,0.0,16177.910799999998,False,
33,38,33,27,81,13.5,539235.1179012347,981500.6077462243,245538.06790123467,1.0,81,81,6.339850002884626,5.747257410292033,0.012345679012345678,0.3333333333333333,100423.7308,0.3333333333333333,100423.7308,0.0,0.0,False,
34,39,34,28,23656,3942.6666666666665,180438.59977806895,334753.7219102726,96014.21977806895,1.0,23656,21631,14.351491904837406,14.52552218047068,0.00016909029421711193,0.3333333333333333,200000.0,0.3333333333333333,100423.7308,0.0,99576.2692,False,
35,40,35,29,54556,9092.666666666666,179080.78851968618,306201.1805698792,91364.63351968618,1.0,54556,45074,15.357329378354157,15.730317909522292,0.00012830852701810984,0.3333333333333333,200000.0,0.3333333333333333,200000.0,0.0,0.0,False,
36,41,36,30,83709,13951.5,179963.41475074363,306597.83446994284,90833.68475074363,1.0,83707,64067,15.821704060766567,16.346721736408814,9.556917416287376e-05,0.6666666666666666,200000.0,0.3333333333333333,200000.0,0.3333333333333333,0.0,False,
37,42,37,31,123475,20579.166666666668,177329.7901952622,286042.19625325577,85772.1901952622,1.0,123472,86665,16.20756343078431,16.90533521294451,7.288924883579672e-05,0.6666666666666666,200000.0,0.6666666666666666,200000.0,0.0,0.0,False,
38,43,38,32,157463,26243.833333333332,176834.48934340134,281589.0344485314,84527.00934340134,1.0,157456,104128,16.436052953315183,17.25450947433063,6.350698259273607e-05,0.6666666666666666,200000.0,0.6666666666666666,200000.0,0.0,0.0,False,
39,44,39,33,188904,31484.0,175104.1542522657,276218.4587223809,83030.01925226569,1.0,188891,119360,16.601523381899497,17.51527543148187,5.8230635666793715e-05,0.6666666666666666,200000.0,0.6666666666666666,200000.0,0.0,0.0,False,
40,45,40,34,188679,31446.5,172887.34805420847,263824.64292505424,79917.59805420847,1.0,188668,120076,16.616622823046463,17.513792107981534,5.830007579009853e-05,0.6666666666666666,189319.7764,0.6666666666666666,200000.0,0.0,-10680.223599999998,False,
41,46,41,35,192045,32007.5,170381.1703413783,255346.18686342193,77028.69034137831,1.0,192035,122711,16.654258664118025,17.539048381411185,5.207112916243589e-05,0.6666666666666666,189319.7764,0.6666666666666666,189319.7764,0.0,0.0,False,
42,47,42,36,199236,33206.0,166702.1863179847,240752.7710939672,73324.2063179847,1.0,199228,127080,16.704890915560114,17.5916572531583,5.019173241783613e-05,0.6666666666666666,158759.084,0.6666666666666666,189319.7764,0.0,-30560.6924,False,
43,48,43,37,200766,33461.0,163082.58228455018,238902.27336003096,71728.84728455018,1.0,200756,129615,16.74325629804153,17.60178513148586,4.9809230646623434e-05,0.6666666666666666,158759.084,0.6666666666666666,158759.084,0.0,0.0,False,
44,49,44,38,211826,35304.333333333336,157162.81986842977,230040.75735892655,68949.56986842977,1.0,211817,136448,16.815371852421883,17.67782973129493,4.720855796738833e-05,0.6666666666666666,158759.084,0.6666666666666666,158759.084,0.0,0.0,False,
45,50,45,39,218896,36482.666666666664,150203.75797205066,223492.77551205578,67126.09297205065,1.0,218887,142176,16.876938466097737,17.72426529954275,5.0252174548644106e-05,0.6666666666666666,158759.084,0.6666666666666666,158759.084,0.0,0.0,False,
46,51,46,40,214005,35667.5,146075.82340309807,222979.42027111838,67409.54340309807,1.0,213997,141945,16.88513019221452,17.691175130713404,5.1400668208686716e-05,0.6666666666666666,146707.1114,0.6666666666666666,158759.084,0.0,-12051.972600000008,False,
47,52,47,41,192180,32030.0,140738.61937922784,222745.38562230993,68134.40437922784,1.0,192175,133527,16.82396815089674,17.53673512117106,5.723800603600791e-05,0.6666666666666666,199555.22100000002,0.6666666666666666,146707.1114,0.0,52848.109600000025,False,
48,53,48,42,164513,27418.833333333332,134671.16353625548,222945.4978266962,69799.43353625547,1.0,164509,121117,16.715533007747744,17.312955348195498,4.862837587303131e-05,0.6666666666666666,199555.22100000002,0.6666666666666666,199555.22100000002,0.0,0.0,False,
49,54,49,43,128902,21483.666666666668,126728.22131534033,222495.0371700336,72952.49131534033,1.0,128899,102302,16.513368883999618,16.962344470459776,5.430482071651332e-05,0.6666666666666666,199555.22100000002,0.6666666666666666,199555.22100000002,0.0,0.0,False,
50,55,50,44,84606,14101.0,116760.19246944661,222875.81924235873,77837.26746944661,1.0,84605,73341,16.08204924142232,16.357089955515363,8.2736448951611e-05,0.6666666666666666,199555.22100000002,0.6666666666666666,199555.22100000002,0.0,0.0,False,
51,56,51,45,46089,7681.5,109609.23126863241,235998.7362244476,88499.16126863242,1.0,46088,43010,15.353645797023296,15.483884185326456,0.0001084857558202608,0.6666666666666666,199555.22100000002,0.6666666666666666,199555.22100000002,0.0,0.0,False,
52,57,52,46,27603,4600.5,105078.25556171431,240379.47846606022,89902.05556171431,1.0,27603,26625,14.680372472902885,14.744947343844196,0.00014491178495091114,0.3333333333333333,199555.22100000002,0.6666666666666666,199555.22100000002,-0.3333333333333333,0.0,False,
53,58,53,47,15166,2527.6666666666665,100413.47001384676,247682.71072351708,87838.55501384675,1.0,15166,14908,13.854031784117414,13.881036193653324,0.0001978108927864961,0.3333333333333333,149682.5024,0.3333333333333333,199555.22100000002,0.0,-49872.71860000002,False,
54,59,54,48,6495,1082.5,98446.6098290993,285991.0306849699,87870.7398290993,1.0,6495,6456,12.65310457245996,12.655568005870276,0.00030792917628945344,0.3333333333333333,149682.5024,0.3333333333333333,149682.5024,0.0,0.0,False,
55,60,55,49,806,134.33333333333334,126612.64323821338,466692.1911696876,118273.56823821338,1.0,806,806,9.654636028527968,9.597564068230202,0.0012406947890818859,0.3333333333333333,149682.5024,0.3333333333333333,149682.5024,0.0,0.0,False,
56,61,56,50,54,9.0,966167.3244444444,1472471.6293511572,398235.0144444443,1.0,54,54,5.7548875021634665,4.754887502163469,0.018518518518518517,0.3333333333333333,149682.5024,0.3333333333333333,149682.5024,0.0,0.0,False,
57,62,57,51,66,11.0,1070113.4445454543,1509628.9328805485,539380.0145454543,1.0,66,66,6.044394119358453,5.044394119358454,0.015151515151515152,0.3333333333333333,149682.5024,0.3333333333333333,149682.5024,0.0,0.0,False,
58,63,58,52,58,9.666666666666666,1127032.5572413793,1590824.7072625696,596299.1272413792,1.0,58,58,5.857980995127571,4.85798099512757,0.017241379310344827,0.3333333333333333,149682.5024,0.3333333333333333,149682.5024,0.0,0.0,False,
59,64,59,53,70,11.666666666666666,1240722.6465714287,1731265.9711980813,783977.4665714288,1.0,70,70,6.129283016944968,5.1292830169449655,0.014285714285714285,0.3333333333333333,142178.2844,0.3333333333333333,149682.5024,0.0,-7504.2179999999935,False,
60,65,60,54,80,13.333333333333334,1249256.5180000002,1710123.845629247,801771.6280000001,1.0,80,80,6.3219280948873635,5.321928094887363,0.0125,0.3333333333333333,142178.2844,0.3333333333333333,142178.2844,0.0,0.0,False,
61,66,61,55,88,14.666666666666666,1152440.3145454547,1657682.725996031,726873.6795454547,1.0,88,88,6.459431618637298,5.459431618637296,0.011363636363636364,0.3333333333333333,142178.2844,0.3333333333333333,142178.2844,0.0,0.0,False,
62,67,62,56,90,15.0,1186355.2402222222,1640162.269406756,710986.3002222222,1.0,90,90,6.491853096329675,5.491853096329674,0.011111111111111112,0.3333333333333333,142178.2844,0.3333333333333333,142178.2844,0.0,0.0,False,
63,68,63,57,80,13.333333333333334,1118558.96775,1621473.4379576487,652501.90775,1.0,80,80,6.3219280948873635,5.321928094887363,0.0125,0.3333333333333333,142178.2844,0.3333333333333333,142178.2844,0.0,0.0,False,
64,69,64,58,82,13.666666666666666,1104119.1739024392,1615338.1171060358,647373.9939024393,1.0,82,82,6.357552004618085,5.357552004618084,0.012195121951219513,0.3333333333333333,142178.2844,0.3333333333333333,142178.2844,0.0,0.0,False,
65,70,65,59,80,13.333333333333334,804830.892,988085.0377036841,382755.337,1.0,80,80,6.3219280948873635,5.321928094887363,0.0125,0.3333333333333333,78085.15019999999,0.3333333333333333,142178.2844,0.0,-64093.134200000015,False,
66,71,66,60,80,13.333333333333334,687568.26825,810071.7925966542,265492.71325,1.0,80,80,6.3219280948873635,5.321928094887363,0.0125,0.3333333333333333,75201.3608,0.3333333333333333,78085.15019999999,0.0,-2883.789399999994,False,
67,72,67,61,92,15.333333333333334,1016082.9128260869,1408907.9391246014,574907.6928260869,1.0,92,92,6.523561956057014,5.523561956057012,0.010869565217391304,0.3333333333333333,143382.5988,0.3333333333333333,75201.3608,0.0,68181.23800000001,False,
68,73,68,62,84,14.0,1017950.6402380953,1462072.9305231594,595875.0852380954,1.0,84,84,6.39231742277876,5.39231742277876,0.011904761904761904,0.3333333333333333,143382.5988,0.3333333333333333,143382.5988,0.0,0.0,False,
69,74,69,63,94,15.666666666666666,1179552.0776595746,1605630.6053967795,743234.5876595746,1.0,94,94,6.554588851677637,5.55458885167764,0.010638297872340425,0.3333333333333333,143382.5988,0.3333333333333333,143382.5988,0.0,0.0,False,
70,75,70,64,106,17.666666666666668,1398391.2718867925,1868789.2484320265,850121.2918867925,1.0,106,106,6.7279204545632,5.727920454563199,0.009433962264150943,0.3333333333333333,154579.8512,0.3333333333333333,143382.5988,0.0,11197.252399999998,False,
71,76,71,65,94,15.666666666666666,1452014.8382978726,1935671.3037559383,903744.8582978726,1.0,94,94,6.554588851677637,5.55458885167764,0.010638297872340425,0.3333333333333333,154579.8512,0.3333333333333333,154579.8512,0.0,0.0,False,
72,77,72,66,94,15.666666666666666,1423594.8768085109,1930937.4938846205,1036598.5368085108,1.0,94,94,6.554588851677637,5.55458885167764,0.010638297872340425,0.3333333333333333,154579.8512,0.3333333333333333,154579.8512,0.0,0.0,False,
73,78,73,67,84,14.0,1787384.6014285716,2435045.7777256216,1184981.0064285717,1.0,84,84,6.39231742277876,5.39231742277876,0.011904761904761904,0.3333333333333333,200000.0,0.3333333333333333,154579.8512,0.0,45420.148799999995,False,
74,79,74,68,86,14.333333333333334,1748467.2137209305,2417740.9845992187,1165895.3437209306,1.0,86,86,6.426264754702099,5.426264754702098,0.011627906976744186,0.3333333333333333,200000.0,0.3333333333333333,200000.0,0.0,0.0,False,
75,80,75,69,90,15.0,1714222.4151111105,2379800.546408564,1234330.3751111105,1.0,90,90,6.491853096329675,5.491853096329674,0.011111111111111112,0.3333333333333333,200000.0,0.3333333333333333,200000.0,0.0,0.0,False,
76,81,76,70,78,13.0,1522977.732564103,2229661.7729919096,1043085.692564103,1.0,78,78,6.285402218862252,5.285402218862248,0.01282051282051282,0.3333333333333333,200000.0,0.3333333333333333,200000.0,0.0,0.0,False,
77,82,77,71,76,12.666666666666666,1578996.6089473683,2251881.0737799895,1027932.9289473684,1.0,76,76,6.247927513443587,5.247927513443588,0.013157894736842105,0.3333333333333333,200000.0,0.3333333333333333,200000.0,0.0,0.0,False,
78,83,78,72,66,11.0,2155665.0127272727,2701865.2883488303,1345625.8227272728,1.0,66,66,6.044394119358453,5.044394119358454,0.015151515151515152,0.3333333333333333,200000.0,0.3333333333333333,200000.0,0.0,0.0,False,
79,84,79,73,62,10.333333333333334,1510220.266451613,2008935.4698401343,754407.146451613,1.0,62,62,5.954196310386872,4.954196310386877,0.016129032258064516,0.3333333333333333,180784.9364,0.3333333333333333,200000.0,0.0,-19215.063599999994,False,
80,85,80,74,64,10.666666666666666,1520512.31625,1972819.1343517487,737586.1612499999,1.0,64,64,6.0,5.0,0.015625,0.3333333333333333,180784.9364,0.3333333333333333,180784.9364,0.0,0.0,False,
81,86,81,75,52,8.666666666666666,1279061.8419230767,1942665.6502240957,568658.8519230767,1.0,52,52,5.7004397181410935,4.700439718141092,0.019230769230769232,0.3333333333333333,180784.9364,0.3333333333333333,180784.9364,0.0,0.0,False,
82,87,82,76,54,9.0,1310050.3640740737,1957344.829219406,877795.5240740736,1.0,54,54,5.7548875021634665,4.754887502163469,0.018518518518518517,0.3333333333333333,180784.9364,0.3333333333333333,180784.9364,0.0,0.0,False,
83,88,83,77,60,10.0,1706707.781,2516338.6671175505,964687.181,1.0,60,60,5.906890595608518,4.906890595608519,0.016666666666666666,0.3333333333333333,200000.0,0.3333333333333333,180784.9364,0.0,19215.063599999994,False,
84,89,84,78,62,10.333333333333334,1243310.9235483874,1958204.6581163495,811056.0835483873,1.0,62,62,5.954196310386872,4.954196310386877,0.016129032258064516,0.3333333333333333,200000.0,0.3333333333333333,200000.0,0.0,0.0,False,
85,90,85,79,68,11.333333333333334,1507182.6226470594,2486074.8182172906,1148110.0676470594,1.0,68,68,6.087462841250342,5.028639311838575,0.014705882352941176,0.3333333333333333,200000.0,0.3333333333333333,200000.0,0.0,0.0,False,
86,91,86,80,72,12.0,1692302.0738888888,2715473.239830493,1333796.1738888887,1.0,72,72,6.169925001442312,5.114369445886756,0.013888888888888888,0.3333333333333333,200000.0,0.3333333333333333,200000.0,0.0,0.0,False,
87,92,87,81,80,13.333333333333334,2155233.641,3202903.5138032953,1786511.471,1.0,80,80,6.3219280948873635,5.203055907333278,0.0125,0.3333333333333333,200000.0,0.3333333333333333,200000.0,0.0,0.0,False,
88,93,88,82,76,12.666666666666666,2168998.6042105258,3273063.499344395,1800276.4342105258,1.0,76,76,6.247927513443587,5.122798894965602,0.013157894736842105,0.3333333333333333,200000.0,0.3333333333333333,200000.0,0.0,0.0,False,
89,94,89,83,74,12.333333333333334,2211614.3518918916,3245405.6917746933,1846514.5918918916,1.0,74,74,6.20945336562895,5.155399311574898,0.013513513513513514,0.3333333333333333,200000.0,0.3333333333333333,200000.0,0.0,0.0,False,
90,95,90,84,68,11.333333333333334,2282481.3641176475,3365253.825662969,1937528.0241176477,1.0,68,68,6.087462841250342,5.028639311838575,0.014705882352941176,0.3333333333333333,200000.0,0.3333333333333333,200000.0,0.0,0.0,False,
91,96,91,85,68,11.333333333333334,2049587.6047058832,3209282.941722761,1727681.7247058833,1.0,68,68,6.087462841250342,5.087462841250339,0.014705882352941176,0.3333333333333333,200000.0,0.3333333333333333,200000.0,0.0,0.0,False,
92,97,92,86,62,10.333333333333334,1904724.2758064514,3098425.9248477845,1566729.6358064516,1.0,62,62,5.954196310386872,4.954196310386877,0.016129032258064516,0.3333333333333333,200000.0,0.3333333333333333,200000.0,0.0,0.0,False,
93,98,93,87,54,9.0,1264471.468518518,2281133.5826128908,992563.0685185179,1.0,54,54,5.7548875021634665,4.754887502163469,0.018518518518518517,0.3333333333333333,186914.0014,0.3333333333333333,200000.0,0.0,-13085.998599999992,False,
94,99,94,88,4492,748.6666666666666,149999.1914492431,384873.96454093297,106079.04144924312,1.0,4492,4461,12.119339897173534,12.1184494252234,0.0004452359750667854,0.3333333333333333,186914.0014,0.3333333333333333,186914.0014,0.0,0.0,False,
95,100,95,89,14856,2476.0,129634.05834073776,286009.708975044,100990.12834073775,1.0,14856,14511,13.811702455749511,13.85041130402805,0.00020193861066235866,0.3333333333333333,153936.72699999998,0.3333333333333333,186914.0014,0.0,-32977.274400000024,False,
96,101,96,90,21708,3618.0,127938.08868389532,296828.64891115396,104918.70368389532,1.0,21708,21039,14.343294466165194,14.397796808622381,0.00013819789939192924,0.3333333333333333,175511.8886,0.3333333333333333,153936.72699999998,0.0,21575.16160000002,False,
97,102,97,91,28042,4673.666666666667,124636.37859674775,306119.1210675399,105624.75359674775,1.0,28042,27023,14.701171254675929,14.767001403652984,0.00010698238356750588,0.3333333333333333,200000.0,0.3333333333333333,175511.8886,0.0,24488.111399999994,False,
98,103,98,92,28719,4786.5,124147.67081757722,305404.66106416436,105186.49081757723,1.0,28719,27648,14.733634863013583,14.80140441279321,0.00010446046171524079,0.3333333333333333,200000.0,0.3333333333333333,200000.0,0.0,0.0,False,
99,104,99,93,28723,4787.166666666667,124448.49978867109,306159.0064771965,105487.3197886711,1.0,28723,27653,14.733916014500213,14.801467234780866,0.00010444591442398078,0.3333333333333333,200000.0,0.3333333333333333,200000.0,0.0,0.0,False,
100,105,100,94,24287,4047.8333333333335,122676.17008934822,315467.0826925221,105534.31008934822,1.0,24287,23541,14.505407846304655,14.559960128907338,0.0001235228723185243,0.3333333333333333,200000.0,0.3333333333333333,200000.0,0.0,0.0,False,
101,106,101,95,13921,2320.1666666666665,121814.13376337905,344096.3142270362,107224.17376337905,1.0,13921,13702,13.733295065834998,13.757504501221009,0.00021550175993103942,0.3333333333333333,200000.0,0.3333333333333333,200000.0,0.0,0.0,False,
102,107,102,96,7075,1179.1666666666667,120741.02580636041,370352.02187392034,109677.06580636042,1.0,7075,7016,12.771729289496761,12.778903125186112,0.00042402826855123676,0.3333333333333333,200000.0,0.3333333333333333,200000.0,0.0,0.0,False,
103,108,103,97,737,122.83333333333333,165723.13080054274,436735.2157376161,142945.30080054275,1.0,737,736,9.522807104888827,9.441395978701582,0.0027137042062415195,0.3333333333333333,91788.8288,0.3333333333333333,200000.0,0.0,-108211.1712,False,
104,109,104,98,60,10.0,882289.0076666666,982744.2658255565,234495.71266666672,1.0,60,60,5.906890595608518,4.906890595608519,0.016666666666666666,0.3333333333333333,91788.8288,0.3333333333333333,91788.8288,0.0,0.0,False,
105,110,105,99,60,10.0,796840.9913333334,956709.1755744965,202939.3213333335,1.0,60,60,5.906890595608518,4.906890595608519,0.016666666666666666,0.3333333333333333,91788.8288,0.3333333333333333,91788.8288,0.0,0.0,False,
106,111,106,100,70,11.666666666666666,717915.9282857141,752558.1706676092,178828.13828571409,1.0,70,70,6.129283016944968,5.1292830169449655,0.014285714285714285,0.3333333333333333,59762.066,0.3333333333333333,91788.8288,0.0,-32026.762800000004,False,
107,112,107,101,82,13.666666666666666,727415.1651219513,792855.8533902729,216035.26512195123,1.0,82,82,6.357552004618085,5.357552004618084,0.012195121951219513,0.3333333333333333,59762.066,0.3333333333333333,59762.066,0.0,0.0,False,
108,113,108,102,80,13.333333333333334,658097.7895,721746.6558702746,193062.32949999993,1.0,80,80,6.3219280948873635,5.321928094887363,0.0125,0.3333333333333333,59762.066,0.3333333333333333,59762.066,0.0,0.0,False,
109,114,109,103,76,12.666666666666666,812248.1039473685,1262981.850961043,449485.8889473685,1.0,76,76,6.247927513443587,5.247927513443588,0.013157894736842105,0.3333333333333333,141204.3388,0.3333333333333333,59762.066,0.0,81442.2728,False,
110,115,110,104,80,13.333333333333334,807951.426,1319100.8245079974,590031.091,1.0,80,80,6.3219280948873635,5.321928094887363,0.0125,0.3333333333333333,141204.3388,0.3333333333333333,141204.3388,0.0,0.0,False,
111,116,111,105,76,12.666666666666666,864698.5613157895,1349955.4438304657,628745.0263157894,1.0,76,76,6.247927513443587,5.247927513443588,0.013157894736842105,0.3333333333333333,141204.3388,0.3333333333333333,141204.3388,0.0,0.0,False,
112,117,112,106,68,11.333333333333334,912216.320882353,1428256.4587525455,576662.085882353,1.0,68,68,6.087462841250342,5.087462841250339,0.014705882352941176,0.3333333333333333,141204.3388,0.3333333333333333,141204.3388,0.0,0.0,False,
113,118,113,107,52,8.666666666666666,955922.320769231,1547426.9291396963,495828.6557692309,1.0,52,52,5.7004397181410935,4.700439718141092,0.019230769230769232,0.3333333333333333,141204.3388,0.3333333333333333,141204.3388,0.0,0.0,False,
114,119,114,108,48,8.0,1012977.89875,1606417.176848776,604741.36875,1.0,48,48,5.584962500721155,4.584962500721156,0.020833333333333332,0.3333333333333333,141204.3388,0.3333333333333333,141204.3388,0.0,0.0,False,
115,120,115,109,44,7.333333333333333,928315.4809090908,1104020.8718518289,409740.0309090909,1.0,44,44,5.459431618637296,4.459431618637296,0.022727272727272728,0.3333333333333333,71918.22780000001,0.3333333333333333,141204.3388,0.0,-69286.11099999999,False,
116,121,116,110,42,7.0,944855.6414285715,956354.0248083216,370146.01142857154,1.0,42,42,5.39231742277876,4.392317422778761,0.023809523809523808,0.3333333333333333,71918.22780000001,0.3333333333333333,71918.22780000001,0.0,0.0,False,
117,122,117,111,46,7.666666666666667,1026409.0900000002,1005548.3781226025,451699.4600000002,1.0,46,46,5.523561956057012,4.523561956057012,0.021739130434782608,0.3333333333333333,71918.22780000001,0.3333333333333333,71918.22780000001,0.0,0.0,False,
118,123,118,112,48,8.0,1016014.9708333336,1071998.4083120963,489593.6158333336,1.0,48,48,5.584962500721155,4.584962500721156,0.020833333333333332,0.3333333333333333,80653.8268,0.3333333333333333,71918.22780000001,0.0,8735.598999999987,False,
119,124,119,113,58,9.666666666666666,1416037.980689655,1971556.3437353193,518610.810689655,1.0,58,58,5.857980995127571,4.85798099512757,0.017241379310344827,0.3333333333333333,200000.0,0.3333333333333333,80653.8268,0.0,119346.1732,False,
120,125,120,114,5792,965.3333333333334,126143.56500863259,355441.94376749924,112624.51500863259,1.0,5792,5757,12.48762991893711,12.487760251724085,0.0005179558011049724,0.3333333333333333,200000.0,0.3333333333333333,200000.0,0.0,0.0,False,
121,126,121,115,8932,1488.6666666666667,123199.63665360503,326433.7013843613,109317.32665360504,1.0,8932,8838,13.103466073383323,13.11469140505669,0.0003358710255261979,0.3333333333333333,200000.0,0.3333333333333333,200000.0,0.0,0.0,False,
122,127,122,116,9996,1666.0,120557.3600970388,317700.16287421074,106100.21009703881,1.0,9996,9877,13.263099105403784,13.277531344550091,0.00030012004801920766,0.3333333333333333,200000.0,0.3333333333333333,200000.0,0.0,0.0,False,
123,128,123,117,10396,1732.6666666666667,120438.90039342057,314318.85199024325,105783.55539342057,1.0,10396,10257,13.316782024425791,13.334506597579551,0.00028857252789534437,0.3333333333333333,200000.0,0.3333333333333333,200000.0,0.0,0.0,False,
124,129,124,118,10436,1739.3333333333333,120860.46950555769,320704.0142935275,106186.5545055577,1.0,10436,10297,13.322425665143008,13.34065723495007,0.0002874664622460713,0.3333333333333333,200000.0,0.3333333333333333,200000.0,0.0,0.0,False,
125,130,125,119,10428,1738.0,119862.95721327198,314078.7045257396,105217.97721327198,1.0,10428,10289,13.321298701203904,13.340311422963254,0.00028768699654775604,0.3333333333333333,192781.0566,0.3333333333333333,200000.0,0.0,-7218.943399999989,False,
126,131,126,120,4698,783.0,131083.44236909325,397443.74623509106,114624.61736909325,1.0,4698,4671,12.186336745138632,12.184633892861068,0.0004257130693912303,0.3333333333333333,192781.0566,0.3333333333333333,192781.0566,0.0,0.0,False,
127,132,127,121,1560,260.0,162269.75323717948,598831.6561060383,141737.23823717947,1.0,1560,1557,10.603484159903457,10.572714929134227,0.001282051282051282,0.3333333333333333,192781.0566,0.3333333333333333,192781.0566,0.0,0.0,False,
128,133,128,122,500,83.33333333333333,326663.16189999995,1073441.0467637626,273008.28689999995,1.0,500,500,8.965784284662087,8.857784284662088,0.002,0.3333333333333333,192781.0566,0.3333333333333333,192781.0566,0.0,0.0,False,
129,134,129,123,94,15.666666666666666,1233576.9439361703,2284015.321217284,1001655.9739361703,1.0,94,94,6.554588851677637,6.0439505538052956,0.010638297872340425,0.3333333333333333,192781.0566,0.3333333333333333,192781.0566,0.0,0.0,False,
130,135,130,124,22028,3671.3333333333335,203594.31973397496,407023.3945555678,111456.51973397496,1.0,22028,20938,14.325481461056974,14.422874390517864,0.00013619030325040857,0.3333333333333333,192781.0566,0.3333333333333333,192781.0566,0.0,0.0,False,
131,136,131,125,54914,9152.333333333334,203256.53782969736,371931.4047248531,106103.76782969738,1.0,54912,48722,15.507604525381172,15.740989379667791,9.105146228648433e-05,0.6666666666666666,161943.6644,0.3333333333333333,192781.0566,0.3333333333333333,-30837.392200000002,False,
132,137,132,126,91279,15213.166666666666,196398.11465167237,340423.91477915837,98436.53465167237,1.0,91277,75769,16.109589215590418,16.472246454487205,7.668795670417073e-05,0.6666666666666666,200000.0,0.6666666666666666,161943.6644,0.0,38056.33559999999,False,
133,138,133,127,127209,21201.5,193379.48878137552,322287.46310916205,94586.65878137552,1.0,127204,99861,16.478521103559693,16.9497484451259,6.288863209364117e-05,0.6666666666666666,200000.0,0.6666666666666666,200000.0,0.0,0.0,False,
134,139,134,128,162342,27057.0,191279.61696936097,310563.2410791549,92404.66696936097,1.0,162334,121275,16.73158820230693,17.300231511929642,4.927868327358293e-05,0.6666666666666666,200000.0,0.6666666666666666,200000.0,0.0,0.0,False,
135,140,135,129,194725,32454.166666666668,188205.6956279882,300343.8388263421,89307.2356279882,1.0,194714,139488,16.90996333067925,17.56108481101257,5.135447425856978e-05,0.6666666666666666,200000.0,0.6666666666666666,200000.0,0.0,0.0,False,
136,141,136,130,200295,33382.5,185139.78754896528,283540.4374526299,85734.86754896528,1.0,200284,143172,16.946914598840465,17.601561738867655,3.994108689682718e-05,0.6666666666666666,200000.0,0.6666666666666666,200000.0,0.0,0.0,False,
137,142,137,131,197745,32957.5,180970.76803878733,267568.73692900024,82311.95803878733,1.0,197735,142811,16.948824145713825,17.583073952042046,4.5513160889023746e-05,0.6666666666666666,200000.0,0.6666666666666666,200000.0,0.0,0.0,False,
138,143,138,132,193929,32321.5,175971.8046847042,254569.84475107974,78815.3746847042,1.0,193923,141683,16.943472340651564,17.5548569423525,4.1252210860675814e-05,0.6666666666666666,200000.0,0.6666666666666666,200000.0,0.0,0.0,False,
139,144,139,133,189415,31569.166666666668,168248.5416790117,242797.56821656,74970.09167901169,1.0,189408,140021,16.933609193914393,17.52107948227507,4.223530343425811e-05,0.6666666666666666,200000.0,0.6666666666666666,200000.0,0.0,0.0,False,
140,145,140,134,200322,33387.0,160748.38058685514,233164.65515717719,71545.61558685514,1.0,200312,147248,17.003154254515046,17.600553291556764,4.492766645700422e-05,0.6666666666666666,200000.0,0.6666666666666666,200000.0,0.0,0.0,False,
141,146,141,135,204943,34157.166666666664,153848.2387827835,229487.44308257423,71099.6587827835,1.0,204931,151428,17.045231554576116,17.632125166878716,3.903524394587763e-05,0.6666666666666666,154382.0658,0.6666666666666666,200000.0,0.0,-45617.93419999999,False,
142,147,142,136,193821,32303.5,148533.32267463277,226783.90695364904,69987.95267463278,1.0,193814,146092,17.00369974536327,17.551519422804862,4.1275197218051704e-05,0.6666666666666666,154382.0658,0.6666666666666666,154382.0658,0.0,0.0,False,
143,148,143,137,175670,29278.333333333332,141931.84512005464,222517.01607449018,69874.05012005464,1.0,175664,136852,16.925849231400775,17.41008126790051,4.553993282859908e-05,0.6666666666666666,154382.0658,0.6666666666666666,154382.0658,0.0,0.0,False,
144,149,144,138,150720,25120.0,137614.07212015658,228206.2139894917,72962.21212015658,1.0,150715,122395,16.786992716641453,17.18934933116399,4.644373673036094e-05,0.6666666666666666,154382.0658,0.6666666666666666,154382.0658,0.0,0.0,False,
145,150,145,139,122821,20470.166666666668,135876.08505687138,235063.07278359722,77623.37505687139,1.0,122817,103837,16.57089665261313,16.895352359724576,5.6993510881689615e-05,0.6666666666666666,154382.0658,0.6666666666666666,154382.0658,0.0,0.0,False,
146,151,146,140,77884,12980.666666666666,128314.58966860973,243129.52879084376,86167.99466860972,1.0,77882,70474,16.04912275855203,16.240109287455343,7.703764572954651e-05,0.6666666666666666,154382.0658,0.6666666666666666,154382.0658,0.0,0.0,False,
147,152,147,141,41394,6899.0,123681.11654346042,263702.1003815217,98948.57154346042,1.0,41393,39480,15.242530526648222,15.330544808614864,9.663236217809344e-05,0.6666666666666666,153643.7788,0.6666666666666666,154382.0658,0.0,-738.2870000000112,False,
148,153,148,142,25044,4174.0,122009.3149572752,285133.03490119986,103043.6449572752,1.0,25044,24433,14.562780414548806,14.60594834898593,0.00011978917105893628,0.3333333333333333,153643.7788,0.6666666666666666,153643.7788,-0.3333333333333333,0.0,False,
149,154,149,143,12867,2144.5,118107.71381518613,293553.20748757117,103229.85381518613,1.0,12867,12716,13.627858538327086,13.6428391000355,0.00023315458148752622,0.3333333333333333,142291.8014,0.3333333333333333,153643.7788,0.0,-11351.977400000003,False,
150,155,150,144,5280,880.0,119307.72614583332,350500.1876208115,104513.29114583333,1.0,5280,5255,12.356852517276122,12.350413123336729,0.0003787878787878788,0.3333333333333333,143768.505,0.3333333333333333,142291.8014,0.0,1476.703600000008,False,
151,156,151,145,1826,304.3333333333333,154536.42445235487,512671.8882762864,140955.37445235488,1.0,1772,1821,10.828994598724638,10.617617389390652,0.001095290251916758,18.333333333333332,143768.505,0.3333333333333333,143768.505,18.0,0.0,True,train_velocity_01
152,157,152,146,792,132.0,249822.41146464646,700019.6203049518,174184.47146464646,1.0,673,791,9.626831367554361,8.479322691452058,0.0025252525252525255,40.0,143768.505,18.333333333333332,143768.505,21.666666666666668,0.0,True,train_velocity_01
153,158,153,147,276,46.0,495935.6525,956199.9582589958,210980.72250000003,1.0,157,276,8.108524456778168,4.822919849991855,0.0036231884057971015,40.0,143768.505,40.0,143768.505,0.0,0.0,True,train_velocity_01
154,159,154,148,19667,3277.8333333333335,193289.54186200234,365160.5126961621,111497.73186200234,1.0,19548,19091,14.203967877863445,14.215549748691458,0.0002033863832816393,40.0,143768.505,40.0,143768.505,0.0,0.0,True,train_velocity_01
155,160,155,149,48896,8149.333333333333,187460.1923034604,328590.48891395464,100611.6173034604,1.0,48777,45370,15.428548281047963,15.555513297952,8.18062827225131e-05,40.0,143768.505,40.0,143768.505,0.0,0.0,True,train_velocity_01
156,161,156,150,78801,13133.5,186927.85602936512,312150.262060898,97265.67602936513,1.0,78680,70097,16.033203316440904,16.249485133191712,7.614116572124719e-05,40.0,117067.8432,40.0,143768.505,0.0,-26700.6618,True,train_velocity_01
157,162,157,151,106335,17722.5,184895.18594639582,302923.70738806156,94629.74594639582,1.0,106269,91318,16.39631980809533,16.687125035221435,5.642544787699252e-05,0.6666666666666666,117067.8432,40.0,117067.8432,-39.333333333333336,0.0,True,train_velocity_01
158,163,158,152,136016,22669.333333333332,181467.02078593697,290427.186106669,90276.87078593698,1.0,136013,112566,16.678351616867076,17.044845982230214,5.14645335842842e-05,0.6666666666666666,117067.8432,0.6666666666666666,117067.8432,0.0,0.0,False,
159,164,159,153,163849,27308.166666666668,179841.30111785853,285356.4281048053,88239.69111785853,1.0,163845,131297,16.88342091795059,17.311502034303953,4.882544293831516e-05,0.6666666666666666,120658.83039999999,0.6666666666666666,117067.8432,0.0,3590.9871999999887,False,
160,165,160,154,171935,28655.833333333332,176554.7328491581,271053.8011192911,84024.94284915812,1.0,171929,136581,16.936729769338168,17.38067668160515,4.65292116206706e-05,0.6666666666666666,122986.1832,0.6666666666666666,120658.83039999999,0.0,2327.352800000008,False,
161,166,161,155,170459,28409.833333333332,173871.1245417373,267547.39100766025,81069.89454173732,1.0,170453,136140,16.934933128740838,17.368528760866596,4.106559348582357e-05,0.6666666666666666,200000.0,0.6666666666666666,122986.1832,0.0,77013.8168,False,
162,167,162,156,173581,28930.166666666668,169487.11663194708,260365.8174325975,77142.90663194707,1.0,173576,138479,16.959100632753824,17.39433230883875,4.03269943138938e-05,0.6666666666666666,200000.0,0.6666666666666666,200000.0,0.0,0.0,False,
163,168,163,157,186600,31100.0,164300.49066039658,253213.68738170655,73626.53566039658,1.0,186590,147231,17.041830604241042,17.498043215583536,3.7513397642015e-05,0.6666666666666666,200000.0,0.6666666666666666,200000.0,0.0,0.0,False,
164,169,164,158,203188,33864.666666666664,159057.2097222277,248898.76314280299,71327.1647222277,1.0,203179,158125,17.137637679003547,17.619496944428285,3.937240388211902e-05,0.6666666666666666,200000.0,0.6666666666666666,200000.0,0.0,0.0,False,
165,170,165,159,214451,35741.833333333336,151597.02432154663,243863.5609170539,69568.32432154664,1.0,214440,166103,17.205131022702528,17.696056463871216,3.730455908342698e-05,0.6666666666666666,200000.0,0.6666666666666666,200000.0,0.0,0.0,False,
166,171,166,160,203432,33905.333333333336,147418.48048718984,243183.1596803946,69315.20048718984,1.0,203420,160309,17.16258015699971,17.620335730410478,3.93251799126981e-05,0.6666666666666666,200000.0,0.6666666666666666,200000.0,0.0,0.0,False,
167,172,167,161,187843,31307.166666666668,142219.48175337916,235400.13288235714,69385.24175337916,1.0,187834,151483,17.09250466735536,17.50526620219518,3.726516292861592e-05,0.6666666666666666,200000.0,0.6666666666666666,200000.0,0.0,0.0,False,
168,173,168,162,162740,27123.333333333332,136783.0814064766,232965.02211723628,70783.91140647659,1.0,162733,135644,16.9503436590184,17.298775034727694,4.3013395600344105e-05,0.6666666666666666,166546.5654,0.6666666666666666,200000.0,0.0,-33453.43460000001,False,
169,174,169,163,125942,20990.333333333332,131040.37978180432,234176.1793189154,73645.11478180432,1.0,125938,109936,16.67197012384887,16.930219437151543,5.5581140525003575e-05,0.6666666666666666,152335.0732,0.6666666666666666,166546.5654,0.0,-14211.492199999979,False,
170,175,170,164,81054,13509.0,122501.01952500801,238904.40333443802,80605.51452500801,1.0,81054,74803,16.1463538138857,16.2968491750902,6.168727021491846e-05,0.3333333333333333,152335.0732,0.6666666666666666,152335.0732,-0.3333333333333333,0.0,False,
171,176,171,165,42481,7080.166666666667,118408.39771309527,257652.70900737253,94859.73771309527,1.0,42481,40953,15.300981224004913,15.366526528969256,9.415974200230692e-05,0.3333333333333333,150271.6292,0.3333333333333333,152335.0732,0.0,-2063.4440000000177,False,
172,177,172,166,25953,4325.5,115880.89439217046,278243.0013815466,99187.50439217046,1.0,25953,25441,14.623760738221517,14.65667807966658,0.00015412476399645513,0.3333333333333333,150271.6292,0.3333333333333333,150271.6292,0.0,0.0,False,
173,178,173,167,13787,2297.8333333333335,118378.25232320302,316526.2724677385,104765.68232320301,1.0,13787,13661,13.732469089551842,13.74333254334968,0.00021759628635671283,0.3333333333333333,150271.6292,0.3333333333333333,150271.6292,0.0,0.0,False,
174,179,174,168,5855,975.8333333333334,124057.58139026472,401325.8271832631,111753.96139026473,1.0,5855,5837,12.509175934038936,12.502814685106769,0.0005123825789923143,0.3333333333333333,171889.9998,0.3333333333333333,150271.6292,0.0,21618.370599999995,False,
175,180,175,169,2041,340.1666666666667,142070.7805389515,524923.7831875973,128751.51053895151,1.0,2041,2037,10.991140819800972,10.958803730139042,0.0009799118079372856,0.3333333333333333,171889.9998,0.3333333333333333,171889.9998,0.0,0.0,False,
176,181,176,170,585,97.5,267687.519059829,912053.7308223275,251550.479059829,1.0,585,583,9.185455207633158,9.069215891393842,0.003418803418803419,0.3333333333333333,171889.9998,0.3333333333333333,171889.9998,0.0,0.0,False,
177,182,177,171,66,11.0,1177262.085151515,1794369.2153314648,511772.755151515,1.0,66,66,6.044394119358453,5.044394119358454,0.015151515151515152,0.3333333333333333,171889.9998,0.3333333333333333,171889.9998,0.0,0.0,False,
178,183,178,172,17388,2898.0,177957.34178916493,347995.2654070021,102394.95678916492,1.0,17388,17042,14.045616090220605,14.079938265716319,0.0001725327812284334,0.3333333333333333,171889.9998,0.3333333333333333,171889.9998,0.0,0.0,False,
179,184,179,173,45582,7597.0,196326.7039008819,408381.7607946362,112616.2539008819,1.0,45582,43130,15.365904149564876,15.471218509132362,8.775393795796587e-05,0.3333333333333333,171889.9998,0.3333333333333333,171889.9998,0.0,0.0,False,
180,185,180,174,76102,12683.666666666666,184457.43123439595,349434.35792708385,98850.73623439594,1.0,76101,69495,16.035033066528733,16.209418265724164,7.884155475545978e-05,0.6666666666666666,142780.3514,0.3333333333333333,171889.9998,0.3333333333333333,-29109.648399999976,False,
181,186,181,175,107573,17928.833333333332,182863.97759019455,333980.9908432221,95558.98759019455,1.0,107570,94942,16.466898563188366,16.706822299289158,5.5776077640300076e-05,0.6666666666666666,163730.3834,0.6666666666666666,142780.3514,0.0,20950.031999999977,False,
182,187,182,176,139314,23219.0,181961.94661039094,324580.3909606847,94015.25161039093,1.0,139311,119041,16.776081371690502,17.078613250755254,5.024620641141594e-05,0.6666666666666666,163730.3834,0.6666666666666666,163730.3834,0.0,0.0,False,
183,188,183,177,171204,28534.0,178617.04713271887,310645.9060153043,90775.24213271888,1.0,171198,141990,17.01445292454698,17.373813322930943,4.0886895166000795e-05,0.6666666666666666,163730.3834,0.6666666666666666,163730.3834,0.0,0.0,False,
184,189,184,178,185067,30844.5,174125.79650002433,293574.48649466404,85981.21650002433,1.0,185061,151547,17.102639482195784,17.485716535940696,4.3227587846563674e-05,0.6666666666666666,163730.3834,0.6666666666666666,163730.3834,0.0,0.0,False,
185,190,185,179,189038,31506.333333333332,166236.2025868344,252807.48239389522,78516.76758683441,1.0,189030,154423,17.12837386193037,17.516668086925744,3.702959193389689e-05,0.6666666666666666,163730.3834,0.6666666666666666,163730.3834,0.0,0.0,False,
186,191,186,180,195827,32637.833333333332,165773.41346683554,256053.64457441145,78546.39346683554,1.0,195821,159449,17.1732809480679,17.56737027258977,3.063928875997692e-05,0.6666666666666666,163730.3834,0.6666666666666666,163730.3834,0.0,0.0,False,
187,192,187,181,208093,34682.166666666664,160286.04844309995,244586.24946436853,74025.46844309995,1.0,208086,167985,17.24420605689164,17.65469981345845,3.363880572628584e-05,0.6666666666666666,172141.79239999998,0.6666666666666666,163730.3834,0.0,8411.408999999985,False,
188,193,188,182,225427,37571.166666666664,155546.33632422023,243957.92231013044,71838.84632422023,1.0,225413,180235,17.34018484208287,17.767693703066897,3.548820682526938e-05,0.6666666666666666,172141.79239999998,0.6666666666666666,172141.79239999998,0.0,0.0,False,
189,194,189,183,232606,38767.666666666664,148346.1203430694,235335.9832873162,69148.3403430694,1.0,232586,185856,17.383657761899812,17.81092412853085,3.4392921936665436e-05,0.6666666666666666,172141.79239999998,0.6666666666666666,172141.79239999998,0.0,0.0,False,
190,195,190,184,219081,36513.5,145222.8244575294,235752.72692078142,69438.45445752941,1.0,219066,177790,17.32747387353501,17.72434459374124,3.651617438299077e-05,0.6666666666666666,172141.79239999998,0.6666666666666666,172141.79239999998,0.0,0.0,False,
191,196,191,185,199575,33262.5,140819.15345208568,237106.69164832472,70171.78345208568,1.0,199563,165714,17.237834710462284,17.58949480657517,3.507453338343981e-05,0.6666666666666666,200000.0,0.6666666666666666,172141.79239999998,0.0,27858.207600000023,False,
192,197,192,186,171363,28560.5,133266.3636507881,228751.57157061328,69173.03365078809,1.0,171354,146662,17.077498780580868,17.369283649361556,4.6684523496904234e-05,0.6666666666666666,200000.0,0.6666666666666666,200000.0,0.0,0.0,False,
193,198,193,187,131930,21988.333333333332,126695.98042461912,227373.64221927794,72003.70042461912,1.0,131925,117635,16.78120339970623,16.993316811919637,5.305844008186159e-05,0.6666666666666666,200000.0,0.6666666666666666,200000.0,0.0,0.0,False,
194,199,194,188,84358,14059.666666666666,112145.11177315727,193605.51519908215,72639.55677315727,1.0,84356,78919,16.23106850252477,16.351229800288664,5.927120130870812e-05,0.6666666666666666,200000.0,0.6666666666666666,200000.0,0.0,0.0,False,
195,200,195,189,45950,7658.333333333333,105407.11154820456,204711.9052843223,84981.10654820455,1.0,45950,44483,15.42254608872068,15.478751019355332,8.705114254624592e-05,0.3333333333333333,200000.0,0.6666666666666666,200000.0,-0.3333333333333333,0.0,False,
196,201,196,190,28417,4736.166666666667,100722.18351479748,215367.29977725647,85688.14351479747,1.0,28417,27886,14.756643041382269,14.787006312928764,0.00010557060914241475,0.3333333333333333,200000.0,0.3333333333333333,200000.0,0.0,0.0,False,
197,202,197,191,15756,2626.0,96269.70218710334,199977.51428462708,83848.67718710334,1.0,15756,15611,13.925016370438065,13.937139977318534,0.0001904036557501904,0.3333333333333333,75954.753,0.3333333333333333,200000.0,0.0,-124045.247,False,
198,203,198,192,6649,1108.1666666666667,95485.7289487141,207274.60489904633,80874.48894871409,1.0,6649,6624,12.691401734531116,12.690198546081724,0.00030079711234772146,0.3333333333333333,75954.753,0.3333333333333333,75954.753,0.0,0.0,False,
199,204,199,193,2347,391.1666666666667,112934.84127822753,377572.0351841161,83691.32127822752,1.0,2347,2344,11.194045671474171,11.171889727716183,0.0008521516829995739,0.3333333333333333,152410.9828,0.3333333333333333,75954.753,0.0,76456.2298,False,
200,205,200,194,846,141.0,163846.3189361702,609284.3751672759,151406.3189361702,1.0,846,846,9.724513853119948,9.658319999692052,0.001182033096926714,0.3333333333333333,152410.9828,0.3333333333333333,152410.9828,0.0,0.0,False,
201,206,201,195,183,30.5,581152.2966666666,1489364.994621581,484545.5866666666,1.0,183,183,7.5156998382840445,7.2315468328195625,0.00546448087431694,0.3333333333333333,152410.9828,0.3333333333333333,152410.9828,0.0,0.0,False,
202,207,202,196,18005,3000.8333333333335,140543.16798278256,264128.55914316815,81853.22798278256,1.0,18005,17711,14.103326604320268,14.130222725536958,0.0001666203832268814,0.3333333333333333,152410.9828,0.3333333333333333,152410.9828,0.0,0.0,False,
203,208,203,197,49946,8324.333333333334,142750.56783065712,229205.58962717833,70498.73783065713,1.0,49946,47705,15.516552113040476,15.601979834233997,8.008649341288591e-05,0.3333333333333333,152410.9828,0.3333333333333333,152410.9828,0.0,0.0,False,
204,209,204,198,86118,14353.0,144012.88657888016,224338.29887575028,68859.73657888017,1.0,86117,79538,16.236213673013893,16.38577392690383,5.805987133932511e-05,0.6666666666666666,152410.9828,0.3333333333333333,152410.9828,0.3333333333333333,0.0,False,
205,210,205,199,122962,20493.666666666668,143518.46533595744,218920.10597325276,66659.21533595744,1.0,122959,109816,16.683396939024696,16.89693077799609,4.8795562856817554e-05,0.6666666666666666,149653.40480000002,0.6666666666666666,152410.9828,0.0,-2757.5779999999795,False,
206,211,206,200,156501,26083.5,146979.8850785618,231633.46065402718,69161.19507856181,1.0,156498,135853,16.975135343820547,17.242773657499455,3.833841317307877e-05,0.6666666666666666,149653.40480000002,0.6666666666666666,149653.40480000002,0.0,0.0,False,
207,212,207,201,186270,31045.0,145933.15286449777,228256.96899076202,68300.68286449776,1.0,186265,158030,17.180923355062376,17.491609940595858,3.757985719654265e-05,0.6666666666666666,123855.2252,0.6666666666666666,149653.40480000002,0.0,-25798.179600000018,False,
208,213,208,202,196595,32765.833333333332,146580.4579444543,228735.0520020195,67580.7679444543,1.0,196588,165185,17.240146363001024,17.56924431446,3.5606195478013175e-05,0.6666666666666666,123855.2252,0.6666666666666666,123855.2252,0.0,0.0,False,
209,214,209,203,193704,32284.0,146067.7187707017,230757.4935031289,67874.9137707017,1.0,193698,163620,17.22906756912801,17.54801789156795,4.130012803039689e-05,0.6666666666666666,123855.2252,0.6666666666666666,123855.2252,0.0,0.0,False,
210,215,210,204,187900,31316.666666666668,144536.60448563064,232206.15796317422,67173.11448563065,1.0,187893,159679,17.197086147219373,17.503994245758115,3.193187865886109e-05,0.6666666666666666,140884.55779999998,0.6666666666666666,123855.2252,0.0,17029.33259999998,False,
211,216,211,205,184048,30674.666666666668,142586.68157589325,232080.19462366687,67144.43657589325,1.0,184041,157438,17.180286305987128,17.474402695658377,3.260019125445536e-05,0.6666666666666666,149265.89380000002,0.6666666666666666,140884.55779999998,0.0,8381.33600000004,False,
212,217,212,206,187388,31231.333333333332,136831.41296288985,221891.02207444387,63958.24796288984,1.0,187378,160292,17.206218437402548,17.499609725624182,4.269216812175806e-05,0.6666666666666666,149265.89380000002,0.6666666666666666,149265.89380000002,0.0,0.0,False,
213,218,213,207,191658,31943.0,134719.4048858905,232630.87883137426,65706.09488589049,1.0,191647,164150,17.241058550371747,17.530875628797325,3.130576339104029e-05,0.6666666666666666,200000.0,0.6666666666666666,149265.89380000002,0.0,50734.10619999998,False,
214,219,214,208,178145,29690.833333333332,132573.79149417608,236703.01575209614,67865.03149417607,1.0,178135,154779,17.163556177853856,17.425672654666453,3.3680428864127536e-05,0.6666666666666666,200000.0,0.6666666666666666,200000.0,0.0,0.0,False,
215,220,215,209,159833,26638.833333333332,130561.37919753742,244158.47598224273,70288.96919753742,1.0,159825,141365,17.04155564309786,17.270346520307523,3.753918152071225e-05,0.6666666666666666,200000.0,0.6666666666666666,200000.0,0.0,0.0,False,
216,221,216,210,137436,22906.0,129275.63093418027,254352.97959159635,74789.62593418028,1.0,137431,124212,16.866459848541062,17.054173272506517,3.638056986524637e-05,0.6666666666666666,200000.0,0.6666666666666666,200000.0,0.0,0.0,False,
217,222,217,211,108562,18093.666666666668,128153.46272747368,267998.55693913257,80356.33272747368,1.0,108558,100514,16.574245606954698,16.715903739126862,4.605663123376504e-05,0.6666666666666666,200000.0,0.6666666666666666,200000.0,0.0,0.0,False,
218,223,218,212,75020,12503.333333333334,127462.14463329778,289034.9741630523,90641.08463329778,1.0,75018,71536,16.09961452999977,16.184571965689525,6.664889362836577e-05,0.6666666666666666,200000.0,0.6666666666666666,200000.0,0.0,0.0,False,
219,224,219,213,40985,6830.833333333333,126834.51384774919,303729.9596189647,101378.49384774918,1.0,40985,40122,15.2801308893393,15.315549385741795,9.759668171282176e-05,0.3333333333333333,189073.61440000002,0.6666666666666666,200000.0,-0.3333333333333333,-10926.38559999998,False,
220,225,220,214,26220,4370.0,127034.72995995425,325203.7937120876,107249.46495995425,1.0,26220,25924,14.65554276581394,14.671457495505592,0.00011441647597254005,0.3333333333333333,189073.61440000002,0.3333333333333333,189073.61440000002,0.0,0.0,False,
221,226,221,215,15480,2580.0,129756.04177196384,345609.902859258,113727.54177196384,1.0,15480,15383,13.905341724577589,13.910833943570395,0.0001937984496124031,0.3333333333333333,189073.61440000002,0.3333333333333333,189073.61440000002,0.0,0.0,False,
222,227,222,216,7515,1252.5,129487.36604923487,356684.3951743651,115933.24604923488,1.0,7515,7489,12.868436992928238,12.865710416082507,0.0003992015968063872,0.3333333333333333,159679.1668,0.3333333333333333,189073.61440000002,0.0,-29394.447600000014,False,
223,228,223,217,3393,565.5,136882.3128912467,379080.4697161613,120928.79289124669,1.0,3393,3388,11.725398470384423,11.710072799886337,0.0005894488653109342,0.3333333333333333,159679.1668,0.3333333333333333,159679.1668,0.0,0.0,False,
224,229,224,218,54,9.0,1079828.8937037035,1576078.7819160842,524096.91370370355,1.0,54,54,5.7548875021634665,4.754887502163469,0.018518518518518517,0.3333333333333333,159679.1668,0.3333333333333333,159679.1668,0.0,0.0,False,
225,230,225,219,52,8.666666666666666,1082843.6319230767,1742007.1175987264,570754.2569230767,1.0,52,52,5.7004397181410935,4.700439718141092,0.019230769230769232,0.3333333333333333,175040.0072,0.3333333333333333,159679.1668,0.0,15360.840399999986,False,
226,231,226,220,18408,3068.0,197384.47705508475,389359.92626335775,116764.26705508475,1.0,18408,18109,14.135518383853046,14.163807980088498,0.00016297262059973924,0.3333333333333333,175040.0072,0.3333333333333333,175040.0072,0.0,0.0,False,
227,232,227,221,45924,7654.0,212294.3891995471,436370.2610632965,126232.38919954709,1.0,45924,44154,15.408478276252538,15.482736315690232,0.0001088755334901141,0.3333333333333333,199207.64800000002,0.3333333333333333,175040.0072,0.0,24167.640800000023,False,
228,233,228,222,76785,12797.5,205097.60768769943,396267.1827655271,116963.98768769944,1.0,76785,71898,16.098069235482214,16.223636650062733,6.511688480823077e-05,0.3333333333333333,199207.64800000002,0.3333333333333333,199207.64800000002,0.0,0.0,False,
229,234,229,223,107742,17957.0,200992.9277548217,374710.25363000267,110659.7727548217,1.0,107742,98240,16.534248119392114,16.711174282133022,4.640715784002525e-05,0.3333333333333333,200000.0,0.3333333333333333,199207.64800000002,0.0,792.3519999999844,False,
230,235,230,224,136038,22673.0,196203.55597810907,355108.30001461,105185.58597810907,1.0,136037,121395,16.828015741208013,17.046510374838014,3.6754436260456634e-05,0.6666666666666666,200000.0,0.3333333333333333,200000.0,0.3333333333333333,0.0,False,
231,236,231,225,162062,27010.333333333332,191917.88574995988,343303.55233895243,102187.71074995988,1.0,162059,142015,17.044482295327608,17.29747010212224,3.702286779133912e-05,0.6666666666666666,200000.0,0.6666666666666666,200000.0,0.0,0.0,False,
232,237,232,226,170664,28444.0,188488.26969302254,328878.8981407469,98034.68969302253,1.0,170658,148792,17.108857035418147,17.371504839147626,3.515679932498945e-05,0.6666666666666666,200000.0,0.6666666666666666,200000.0,0.0,0.0,False,
233,238,233,227,170624,28437.333333333332,180977.75896655803,291406.52605800214,90352.17396655804,1.0,170614,148747,17.108204981458957,17.370539555012286,3.5165041260315077e-05,0.6666666666666666,200000.0,0.6666666666666666,200000.0,0.0,0.0,False,
234,239,234,228,154456,25742.666666666668,176598.25451487803,279333.9044083812,86671.26951487803,1.0,154450,136525,16.991777853933534,17.227482850995532,3.237167866576889e-05,0.6666666666666666,200000.0,0.6666666666666666,200000.0,0.0,0.0,False,
235,240,235,229,157544,26257.333333333332,169711.0500494465,264032.44696701784,81830.5850494465,1.0,157540,139115,17.018759522620236,17.255471561350667,3.8084598588330876e-05,0.6666666666666666,200000.0,0.6666666666666666,200000.0,0.0,0.0,False,
236,241,236,230,176731,29455.166666666668,164050.2004370484,265918.50625431095,79760.8604370484,1.0,176725,153978,17.158444846277234,17.41952953648051,3.3949901262370496e-05,0.6666666666666666,200000.0,0.6666666666666666,200000.0,0.0,0.0,False,
237,242,237,231,187806,31301.0,155080.61817684205,252166.15250641765,76112.34317684206,1.0,187797,162930,17.237287224152226,17.50579333572922,3.1947861090699976e-05,0.6666666666666666,120587.74519999999,0.6666666666666666,200000.0,0.0,-79412.25480000001,False,
238,243,238,232,176841,29473.5,148958.91900368128,250476.60193059794,74649.49900368128,1.0,176833,155123,17.172249073371546,17.41867699160039,3.39287834834682e-05,0.6666666666666666,200000.0,0.6666666666666666,120587.74519999999,0.0,79412.25480000001,False,
239,244,239,233,160279,26713.166666666668,141734.9163641525,247866.34185341248,73791.04636415251,1.0,160273,142931,17.062386084920767,17.27712236303571,3.743472320141753e-05,0.6666666666666666,200000.0,0.6666666666666666,200000.0,0.0,0.0,False,
240,245,240,234,154130,25688.333333333332,137849.9092231882,247911.38587603532,74903.04922318821,1.0,154124,138567,17.021736205973113,17.220048278217725,3.892817751248946e-05,0.6666666666666666,200000.0,0.6666666666666666,200000.0,0.0,0.0,False,
241,246,241,235,124266,20711.0,131440.40041708914,249874.60946281886,76741.77541708914,1.0,124262,114479,16.759440067136424,16.909979937843048,4.0236267361949365e-05,0.6666666666666666,200000.0,0.6666666666666666,200000.0,0.0,0.0,False,
242,247,242,236,78640,13106.666666666666,117189.83239801628,233162.94824117058,79663.96239801629,1.0,78640,74964,16.16726420659489,16.252344481746547,5.08646998982706e-05,0.3333333333333333,200000.0,0.6666666666666666,200000.0,-0.3333333333333333,0.0,False,
243,248,243,237,42168,7028.0,111879.44627632327,260403.91185068642,91256.85627632328,1.0,42168,41310,15.322719063725494,15.354825225685879,7.11439954467843e-05,0.3333333333333333,200000.0,0.3333333333333333,200000.0,0.0,0.0,False,
244,249,244,238,26173,4362.166666666667,109491.94440453901,263328.7239262183,93488.25440453901,1.0,26173,25879,14.65315272460462,14.668226629965602,0.00011462193863905552,0.3333333333333333,200000.0,0.3333333333333333,200000.0,0.0,0.0,False,
245,250,245,239,15265,2544.1666666666665,110141.97586046511,269350.7567830253,96348.06586046511,1.0,15265,15173,13.885836799261044,13.89073394223531,0.00019652800524074681,0.3333333333333333,101686.6176,0.3333333333333333,200000.0,0.0,-98313.3824,False,
246,251,246,240,6715,1119.1666666666667,111907.19111988088,300525.9295184772,98734.91111988088,1.0,6715,6700,12.708704074486068,12.703342942691577,0.0002978406552494416,0.3333333333333333,101686.6176,0.3333333333333333,101686.6176,0.0,0.0,False,
247,252,247,241,2530,421.6666666666667,115879.62472332014,345345.71932049544,106032.15972332015,1.0,2530,2528,11.303340641913687,11.283577796063886,0.0007905138339920949,0.3333333333333333,100882.95060000001,0.3333333333333333,101686.6176,0.0,-803.6669999999867,False,
248,253,248,242,673,112.16666666666667,177221.85456166416,570812.2974356062,165316.58456166417,1.0,673,673,9.394462694610315,9.32908379416455,0.0014858841010401188,0.3333333333333333,100882.95060000001,0.3333333333333333,100882.95060000001,0.0,0.0,False,
249,254,249,243,46,7.666666666666667,1773551.3760869564,2362520.259368652,971129.9860869563,1.0,46,46,5.523561956057012,4.523561956057012,0.021739130434782608,0.3333333333333333,200000.0,0.3333333333333333,100882.95060000001,0.0,99117.04939999999,False,
250,255,250,244,23247,3874.5,165962.76551641073,321225.2909168697,90065.59551641073,1.0,23247,22854,14.470686335504418,14.499514347593564,0.0001290489095367144,0.3333333333333333,200000.0,0.3333333333333333,200000.0,0.0,0.0,False,
251,256,251,245,55143,9190.5,185210.34382188128,374610.1636904514,102705.90382188128,1.0,55090,52896,15.66820194104497,15.738965377885496,5.4404004134704314e-05,18.0,200000.0,0.3333333333333333,200000.0,17.666666666666668,0.0,True,train_amount_01
252,257,252,246,90454,15075.666666666666,177221.6954984854,329479.09424598806,94323.76049848541,1.0,90355,84729,16.33483680394191,16.450104662124936,4.422137218917903e-05,33.333333333333336,200000.0,18.0,200000.0,15.333333333333336,0.0,True,train_amount_01
253,258,253,247,126040,21006.666666666668,173624.5413884481,307646.270373908,89855.94138844809,1.0,125940,115309,16.766516158438925,16.929763736623165,3.966994604887337e-05,33.333333333333336,200000.0,33.333333333333336,200000.0,0.0,0.0,True,train_amount_01
254,259,254,248,159343,26557.166666666668,174588.08584587966,306534.5445547003,89706.35584587966,1.0,159241,142528,17.060220775202346,17.267430976096264,3.137884940035019e-05,33.333333333333336,200000.0,33.333333333333336,200000.0,0.0,0.0,True,train_amount_01
255,260,255,249,188886,31481.0,171070.2932430143,293911.4457373756,87080.48824301432,1.0,188783,165828,17.26910093615214,17.511901720210894,3.176519170293193e-05,33.333333333333336,200000.0,33.333333333333336,200000.0,0.0,0.0,True,train_amount_01
256,261,256,250,194517,32419.5,167053.6943643486,279241.17572784843,83011.8443643486,1.0,194411,170189,17.30469366341458,17.55406172168256,3.084563302950385e-05,33.333333333333336,200000.0,33.333333333333336,200000.0,0.0,0.0,True,train_amount_01
257,262,257,251,191179,31863.166666666668,157085.11863766419,238018.94103030616,74894.52863766419,1.0,191129,168022,17.288308597351623,17.53081474442523,3.138420014750574e-05,0.6666666666666666,196222.08980000002,33.333333333333336,200000.0,-32.66666666666667,-3777.910199999984,True,train_amount_01
258,263,258,252,182707,30451.166666666668,152252.0744158133,230222.23407640925,71197.21441581329,1.0,182698,161287,17.231937515621894,17.46639834378673,2.7366220232393942e-05,0.6666666666666666,196222.08980000002,0.6666666666666666,196222.08980000002,0.0,0.0,False,
259,264,259,253,174779,29129.833333333332,146163.90989380877,218774.27955687031,66955.06989380877,1.0,174772,155191,17.17945131362115,17.402244217343515,2.8607555827645197e-05,0.6666666666666666,196222.08980000002,0.6666666666666666,196222.08980000002,0.0,0.0,False,
260,265,260,254,184796,30799.333333333332,133558.36618606464,188219.1558909917,58942.66118606464,1.0,184789,163248,17.249655911274726,17.47989765822888,3.787960778371826e-05,0.6666666666666666,196222.08980000002,0.6666666666666666,196222.08980000002,0.0,0.0,False,
261,266,261,255,188917,31486.166666666668,126758.64929175246,183552.86322489078,56513.749291752465,1.0,188908,167028,17.28310900504443,17.510168523301576,3.705330912517137e-05,0.6666666666666666,200000.0,0.6666666666666666,196222.08980000002,0.0,3777.910199999984,False,
262,267,262,256,174497,29082.833333333332,123446.7350585397,186571.34815769526,56763.8850585397,1.0,174489,156025,17.190548267594654,17.395947454390686,4.0115302841882666e-05,0.6666666666666666,200000.0,0.6666666666666666,200000.0,0.0,0.0,False,
263,268,263,257,157052,26175.333333333332,119984.26005832464,199366.24312290724,58038.99505832464,1.0,157044,142458,17.066706463476258,17.243069408979792,3.183658915518427e-05,0.6666666666666666,473904.98659999995,0.6666666666666666,200000.0,0.0,273904.98659999995,False,
264,269,264,258,138230,23038.333333333332,115198.44022708529,200382.4634580776,59566.16522708529,1.0,138225,127255,16.91174267667916,17.059084923531483,3.6171598061202344e-05,0.6666666666666666,473904.98659999995,0.6666666666666666,473904.98659999995,0.0,0.0,False,
265,270,265,259,114610,19101.666666666668,110889.88122432596,207550.0654628433,62245.69622432596,1.0,114607,107301,16.67472797631768,16.78988772795346,4.362621062734491e-05,0.6666666666666666,473904.98659999995,0.6666666666666666,473904.98659999995,0.0,0.0,False,
266,271,266,260,72863,12143.833333333334,106734.07483510149,228927.26584195404,73703.16483510149,1.0,72860,70162,16.07726262715846,16.139616665391088,5.489754745206758e-05,0.6666666666666666,473904.98659999995,0.6666666666666666,473904.98659999995,0.0,0.0,False,
267,272,267,261,39956,6659.333333333333,102475.73075257783,270637.2043373387,85437.08575257783,1.0,39956,39249,15.250345485195423,15.275562923753812,0.00010011012113324657,0.3333333333333333,473904.98659999995,0.6666666666666666,473904.98659999995,-0.3333333333333333,0.0,False,
268,273,268,262,25613,4268.833333333333,100725.70946433453,339019.81913478643,89237.54946433453,1.0,25613,25368,14.62533982100644,14.6354526367644,0.00011712802092687308,0.3333333333333333,485775.6394,0.3333333333333333,473904.98659999995,0.0,11870.65280000004,False,
269,274,269,263,14494,2415.6666666666665,94279.39797226439,339959.3943307793,86219.86297226438,1.0,14494,14423,13.813371021540277,13.814750902870482,0.00013798813302056022,0.3333333333333333,485775.6394,0.3333333333333333,485775.6394,0.0,0.0,False,
270,275,270,264,6487,1081.1666666666667,109763.26525820873,506650.4758584529,102387.46525820873,1.0,6487,6474,12.659327707446286,12.65107893682746,0.0003083089255433945,0.3333333333333333,485775.6394,0.3333333333333333,485775.6394,0.0,0.0,False,
271,276,271,265,2461,410.1666666666667,142421.28397399432,778498.0157105305,135041.4939739943,1.0,2461,2459,11.263403586911632,11.233533706779845,0.0008126777732629012,0.3333333333333333,485775.6394,0.3333333333333333,485775.6394,0.0,0.0,False,
272,277,272,266,892,148.66666666666666,254862.66006726454,1259019.5311040264,246498.99006726453,1.0,892,892,9.800899899920303,9.716247685789892,0.0011210762331838565,0.3333333333333333,485775.6394,0.3333333333333333,485775.6394,0.0,0.0,False,
273,278,273,267,137,22.833333333333332,1000695.5259124086,2546716.4091128805,761193.1759124086,1.0,137,137,7.0980320829605255,6.601681717997024,0.0072992700729927005,0.3333333333333333,485775.6394,0.3333333333333333,485775.6394,0.0,0.0,False,
274,279,274,268,7931,1321.8333333333333,143769.24715672678,540886.9114041117,83705.82715672678,1.0,7931,7894,12.943861410646734,12.941687017443122,0.00037826251418484426,0.3333333333333333,715942.9402,0.3333333333333333,485775.6394,0.0,230167.30079999997,False,
275,280,275,269,27127,4521.166666666667,145920.60013897592,673123.6916744373,80994.65013897592,1.0,27127,26651,14.69212507719193,14.721543704390562,0.00011059092417148966,0.3333333333333333,1011135.4784,0.3333333333333333,715942.9402,0.0,295192.53820000007,False,
276,281,276,270,51910,8651.666666666666,143246.10878096704,599591.2804098806,75377.62378096704,1.0,51910,50228,15.598125673480066,15.657507281313054,7.705644384511655e-05,0.3333333333333333,1011135.4784,0.3333333333333333,1011135.4784,0.0,0.0,False,
277,282,277,271,78277,13046.166666666666,151271.43441866705,775094.2511163469,81775.68441866705,1.0,78277,74435,16.156234422845245,16.248769771994986,5.1100578714053934e-05,0.3333333333333333,1848910.3328,0.3333333333333333,1011135.4784,0.0,837774.8544,False,
278,283,278,272,104190,17365.0,152257.46090392553,768951.5832127733,82436.13090392553,1.0,104190,97462,16.53607510657386,16.6598889987173,4.7989250407908626e-05,0.3333333333333333,1848910.3328,0.3333333333333333,1848910.3328,0.0,0.0,False,
279,284,279,273,129915,21652.5,152958.45048270022,757823.0150211455,83103.25048270023,1.0,129915,119686,16.824201412007035,16.9764848518843,3.848670284416734e-05,0.3333333333333333,1848910.3328,0.3333333333333333,1848910.3328,0.0,0.0,False,
280,285,280,274,147969,24661.5,155744.27914833513,820049.6627389403,85713.20914833513,1.0,147968,134897,16.991199350810227,17.162809657312685,3.3790861599389064e-05,0.6666666666666666,1848910.3328,0.3333333333333333,1848910.3328,0.3333333333333333,0.0,False,
281,286,281,275,154723,25787.166666666668,156972.18458690692,825901.129052824,86718.73458690692,1.0,154721,140688,17.050462966057314,17.226441160022986,3.231581600666998e-05,0.6666666666666666,1848910.3328,0.6666666666666666,1848910.3328,0.0,0.0,False,
282,287,282,276,157704,26284.0,160320.7313752346,902222.861440551,91211.6613752346,1.0,157700,143279,17.076536392880456,17.25352023970447,3.170496626591589e-05,0.6666666666666666,1848910.3328,0.6666666666666666,1848910.3328,0.0,0.0,False,
283,288,283,277,162439,27073.166666666668,159763.07461022292,903943.3839794951,92096.61461022291,1.0,162435,147414,17.11663243470376,17.295770873352396,3.078078540252033e-05,0.6666666666666666,1203089.121,0.6666666666666666,1848910.3328,0.0,-645821.2117999999,False,
284,289,284,278,173158,28859.666666666668,162661.16830709524,979840.7274295874,96701.90330709524,1.0,173152,156200,17.196999143076205,17.387197454450543,3.465043486295753e-05,0.6666666666666666,1203089.121,0.6666666666666666,1203089.121,0.0,0.0,False,
285,290,285,279,180870,30145.0,166232.51363752972,1074900.3494353232,103564.26363752972,1.0,180866,162780,17.25520101748525,17.448570762471604,3.317299718029524e-05,0.6666666666666666,1386746.3254,0.6666666666666666,1203089.121,0.0,183657.20439999993,False,
286,291,286,280,169211,28201.833333333332,169481.87307887783,1119028.7635478787,109603.00307887784,1.0,169208,153607,17.175545783977242,17.35266921959395,2.9548906394974324e-05,0.6666666666666666,1386746.3254,0.6666666666666666,1386746.3254,0.0,0.0,False,
287,292,287,281,154588,25764.666666666668,174951.85701361037,1206253.4368221164,118664.21701361037,1.0,154585,141782,17.065440135969737,17.22321694836586,3.8812844463994615e-05,0.6666666666666666,1397734.626,0.6666666666666666,1386746.3254,0.0,10988.300599999959,False,
288,293,288,282,133699,22283.166666666668,179401.4805227414,1252796.5308875588,127090.53052274139,1.0,133699,124401,16.884628956707743,17.015571844402835,3.739743752758061e-05,0.3333333333333333,1397734.626,0.6666666666666666,1397734.626,-0.3333333333333333,0.0,False,
289,294,289,283,106599,17766.5,186166.58266869298,1319205.7272625372,137400.19266869297,1.0,106599,100885,16.591727060279098,16.691242734827732,4.690475520408259e-05,0.3333333333333333,1397734.626,0.3333333333333333,1397734.626,0.0,0.0,False,
290,295,290,284,71392,11898.666666666666,193124.48485180413,1393105.7539950782,151608.54985180413,1.0,71392,69042,16.056298761534737,16.115287195641425,5.6028686687584046e-05,0.3333333333333333,1397734.626,0.3333333333333333,1397734.626,0.0,0.0,False,
291,296,291,285,38430,6405.0,206001.66787665887,1467710.821810037,172020.53287665886,1.0,38430,37791,15.196336509344931,15.224428832400848,7.8064012490242e-05,0.3333333333333333,1397734.626,0.3333333333333333,1397734.626,0.0,0.0,False,
292,297,292,286,24208,4034.6666666666665,211875.22372480173,1492781.1414122407,179430.06872480173,1.0,24208,23969,14.543325999992323,14.558125432514899,0.00012392597488433576,0.3333333333333333,1397734.626,0.3333333333333333,1397734.626,0.0,0.0,False,
293,298,293,287,12883,2147.1666666666665,209555.1612629046,1390598.0874087359,176512.88126290462,1.0,12883,12823,13.643866364691075,13.647436961601734,0.0001552433439416285,0.3333333333333333,1102591.3965999999,0.3333333333333333,1397734.626,0.0,-295143.22940000007,False,
294,299,294,288,5998,999.6666666666666,209498.21192564187,1328168.112156481,168388.89692564186,1.0,5998,5991,12.547931695498287,12.540595916905422,0.00033344448149383126,0.3333333333333333,742558.921,0.3333333333333333,1102591.3965999999,0.0,-360032.4755999999,False,
295,300,295,289,1998,333.0,171600.7705105105,1077403.9488765954,158108.90551051052,1.0,1998,1997,10.963339866791415,10.932308835760384,0.001001001001001001,0.3333333333333333,572348.7716,0.3333333333333333,742558.921,0.0,-170210.1494,False,
296,301,296,290,571,95.16666666666667,271741.4150963222,1409490.8106834474,240921.2450963222,1.0,571,571,9.157346935362844,9.055770753226241,0.0017513134851138354,0.3333333333333333,572348.7716,0.3333333333333333,572348.7716,0.0,0.0,False,
297,302,297,291,106,17.666666666666668,1442354.2639622644,3404002.897406042,1156172.5139622644,1.0,106,106,6.7279204545632,6.04867517154433,0.009433962264150943,0.3333333333333333,572348.7716,0.3333333333333333,572348.7716,0.0,0.0,False,
298,303,298,292,20671,3445.1666666666665,295520.66413913213,1468140.9863240262,205044.71413913212,1.0,20671,20419,14.310646425509912,14.331063391308241,0.00014513085965845872,0.3333333333333333,1072248.6504000002,0.3333333333333333,572348.7716,0.0,499899.8788000002,False,
299,304,299,293,50242,8373.666666666666,308918.34318000876,1489862.7085715968,213471.64318000874,1.0,50242,48572,15.548999942847459,15.612299827408954,9.951833127662116e-05,0.3333333333333333,1276959.8516,0.3333333333333333,1072248.6504000002,0.0,204711.20119999978,False,
300,305,300,294,82178,13696.333333333334,296560.08432001265,1422910.8261096848,202221.79932001265,1.0,82175,77955,16.22129485152398,16.321069188103206,6.084353476599577e-05,0.6666666666666666,1276959.8516,0.3333333333333333,1276959.8516,0.3333333333333333,0.0,False,
301,306,301,295,113336,18889.333333333332,299516.0864739359,1513458.1679648138,205469.9414739359,1.0,113332,105602,16.6495568311461,16.78421444711286,5.2939930825157054e-05,0.6666666666666666,1476469.8072,0.6666666666666666,1276959.8516,0.0,199509.9556,False,
302,307,302,296,144207,24034.5,296853.46588286286,1516004.782681518,202491.67588286288,1.0,144201,132084,16.963437759478886,17.13064951784314,4.160685681000229e-05,0.6666666666666666,1476469.8072,0.6666666666666666,1476469.8072,0.0,0.0,False,
303,308,303,297,173312,28885.333333333332,300287.5614024418,1575020.919012698,205652.63640244183,1.0,173305,156159,17.196273592287724,17.394771276265175,3.4619645494830135e-05,0.6666666666666666,1476469.8072,0.6666666666666666,1476469.8072,0.0,0.0,False,
304,309,304,298,177417,29569.5,325543.350887119,1805776.8344618184,229814.67088711902,1.0,177409,159453,17.224894451417168,17.4282880340901,3.3818630683643616e-05,0.6666666666666666,1476469.8072,0.6666666666666666,1476469.8072,0.0,0.0,False,
305,310,305,299,174535,29089.166666666668,419987.3744265047,2044613.092648079,323172.5544265047,1.0,174526,156283,17.18990604935979,17.326754173753123,4.5836078723465206e-05,0.6666666666666666,1476469.8072,0.6666666666666666,1476469.8072,0.0,0.0,False,
306,311,306,300,177190,29531.666666666668,470998.21746588405,2112385.7406551335,372567.79246588406,1.0,177181,157751,17.198772825463827,17.293949493797953,5.07929341384954e-05,0.6666666666666666,1476469.8072,0.6666666666666666,1476469.8072,0.0,0.0,False,
307,312,307,301,189629,31604.833333333332,431418.9460265044,1940859.4681334805,334950.1960265044,1.0,189620,167851,17.285351709497665,17.399254095974932,4.746109508566728e-05,0.6666666666666666,1423449.6084,0.6666666666666666,1476469.8072,0.0,-53020.1987999999,False,
308,313,308,302,205716,34286.0,395914.30385784287,1796391.0984746881,303280.2738578429,1.0,205706,180799,17.388943247894417,17.525092304251537,4.374963541970483e-05,0.6666666666666666,1423449.6084,0.6666666666666666,1423449.6084,0.0,0.0,False,
309,314,309,303,213572,35595.333333333336,367580.5372796528,1649895.415294354,280978.1172796528,1.0,213560,187626,17.442524277992685,17.582299250515774,4.214035547730976e-05,0.6666666666666666,1423449.6084,0.6666666666666666,1423449.6084,0.0,0.0,False,
310,315,310,304,204005,34000.833333333336,341566.8705893973,1398511.1406096162,259641.20058939734,1.0,203999,180551,17.39066150903337,17.511399872550268,4.4116565770446804e-05,0.6666666666666666,990141.7638,0.6666666666666666,1423449.6084,0.0,-433307.84460000007,False,
311,316,311,305,188701,31450.166666666668,249437.05356998637,994487.3957966018,173716.60356998636,1.0,188696,169941,17.31627086293951,17.47241875662519,4.239511184360443e-05,0.6666666666666666,657907.088,0.6666666666666666,990141.7638,0.0,-332234.67579999997,False,
312,317,312,306,163969,27328.166666666668,182397.35331495586,674512.6598569119,115782.96331495586,1.0,163963,150748,17.15621133175115,17.31154071055534,3.6592282687581186e-05,0.6666666666666666,657907.088,0.6666666666666666,657907.088,0.0,0.0,False,
313,318,313,307,123620,20603.333333333332,182613.74583238957,711425.3078572436,124993.63583238957,1.0,123616,116327,16.79438453783991,16.90606555522667,4.853583562530335e-05,0.6666666666666666,657907.088,0.6666666666666666,657907.088,0.0,0.0,False,
314,319,314,308,77957,12992.833333333334,183778.9416781046,756170.6478132769,138524.0416781046,1.0,77957,75324,16.181679889824416,16.24335175268115,5.1310337750298244e-05,0.3333333333333333,657907.088,0.6666666666666666,657907.088,-0.3333333333333333,0.0,False,
315,320,315,309,41486,6914.333333333333,194133.6361538832,850120.899140225,160465.7161538832,1.0,41486,40828,15.308094086775064,15.33501575161511,9.641806874608302e-05,0.3333333333333333,657907.088,0.3333333333333333,657907.088,0.0,0.0,False,
316,321,316,310,26351,4391.833333333333,196799.96444005918,882946.7194562507,169530.43444005918,1.0,26351,26114,14.667410275092001,14.68056079404813,0.00011384767181511138,0.3333333333333333,657907.088,0.3333333333333333,657907.088,0.0,0.0,False,
317,322,317,311,14970,2495.0,189975.47983700733,910438.9346174806,170345.51983700733,1.0,14970,14902,13.86060091123273,13.863507375828878,0.0002004008016032064,0.3333333333333333,569940.2974,0.3333333333333333,657907.088,0.0,-87966.79059999995,False,
318,323,318,312,5127,854.5,196323.43966452117,908450.3285151852,173270.58966452116,1.0,5127,5118,12.32024111968964,12.309465790550213,0.0005851375073142189,0.3333333333333333,393380.2846,0.3333333333333333,569940.2974,0.0,-176560.01280000003,False,
319,324,319,313,1867,311.1666666666667,207449.82523835028,968727.9761501942,170066.79523835029,1.0,1867,1865,10.864363737668087,10.831155382017311,0.0010712372790573112,0.3333333333333333,393380.2846,0.3333333333333333,393380.2846,0.0,0.0,False,
320,325,320,314,570,95.0,237509.5966666667,877291.3439014949,212609.1166666667,1.0,570,569,9.151309337122282,9.04253740729772,0.0035087719298245615,0.3333333333333333,257787.9688,0.3333333333333333,393380.2846,0.0,-135592.3158,False,
321,326,321,315,72,12.0,1183399.612777778,2126618.048103914,935467.2077777779,1.0,72,72,6.169925001442312,5.169925001442311,0.013888888888888888,0.3333333333333333,179000.22920000003,0.3333333333333333,257787.9688,0.0,-78787.73959999997,False,
322,327,322,316,17828,2971.3333333333335,261844.8934636527,878445.5644299471,179389.7434636527,1.0,17828,17647,14.101509764823884,14.116809006887053,0.00016827462418667264,0.3333333333333333,660548.7868,0.3333333333333333,179000.22920000003,0.0,481548.55759999994,False,
323,328,323,317,44963,7493.833333333333,272968.56177790626,920389.5205924885,185747.15177790626,1.0,44962,43824,15.40532258987339,15.452491866557642,8.896203545137113e-05,0.6666666666666666,660548.7868,0.3333333333333333,660548.7868,0.3333333333333333,0.0,False,
324,329,324,318,74827,12471.166666666666,268997.0582193593,889689.3762924371,178661.63821935933,1.0,74826,71767,16.10796034646581,16.18658377016701,5.345663998289387e-05,0.6666666666666666,660548.7868,0.6666666666666666,660548.7868,0.0,0.0,False,
325,330,325,319,104251,17375.166666666668,263129.20104833524,868516.4718161552,172115.72104833525,1.0,104250,98327,16.55303892501453,16.663732788509847,3.8368936509002315e-05,0.6666666666666666,660548.7868,0.6666666666666666,660548.7868,0.0,0.0,False,
326,331,326,320,132144,22024.0,263618.29786301305,888338.4705060335,171844.52286301306,1.0,132141,122688,16.864079844388765,17.004338546282263,3.783751059450297e-05,0.6666666666666666,660548.7868,0.6666666666666666,660548.7868,0.0,0.0,False,
327,332,327,321,158785,26464.166666666668,273093.1880333785,975401.6817304002,181473.3780333785,1.0,158779,145385,17.101522156209164,17.26794762258305,3.148912050886419e-05,0.6666666666666666,660548.7868,0.6666666666666666,660548.7868,0.0,0.0,False,
328,333,328,322,166200,27700.0,319320.1341477738,1179689.8787872705,225275.2291477738,1.0,166195,151218,17.154630876079512,17.31465518128784,3.610108303249098e-05,0.6666666666666666,768973.0704000001,0.6666666666666666,660548.7868,0.0,108424.28360000008,False,
329,334,329,323,165930,27655.0,344145.8524171639,1261438.6845775815,248727.6374171639,1.0,165924,150699,17.14860016252159,17.289951569711334,3.615982643283312e-05,0.6666666666666666,768973.0704000001,0.6666666666666666,768973.0704000001,0.0,0.0,False,
330,335,330,324,168207,28034.5,329033.09805507504,1214339.0758074187,235220.27805507503,1.0,168199,152825,17.168933487096847,17.31008121065878,2.972527897174315e-05,0.6666666666666666,768973.0704000001,0.6666666666666666,768973.0704000001,0.0,0.0,False,
331,336,331,325,175459,29243.166666666668,307608.5672795354,1153278.3369615353,216688.0372795354,1.0,175453,158971,17.224181766800292,17.371768487674608,3.419602300252481e-05,0.6666666666666666,768973.0704000001,0.6666666666666666,768973.0704000001,0.0,0.0,False,
332,337,332,326,187744,31290.666666666668,282109.2849759779,1065332.228353495,195036.1499759779,1.0,187735,169301,17.312459368886806,17.470995202119063,3.1958411453894665e-05,0.6666666666666666,768973.0704000001,0.6666666666666666,768973.0704000001,0.0,0.0,False,
333,338,333,327,197245,32874.166666666664,251710.39366422468,930791.1309239685,170576.9936642247,1.0,197234,177538,17.379964554680377,17.541867486505176,3.0419022028441786e-05,0.6666666666666666,768973.0704000001,0.6666666666666666,768973.0704000001,0.0,0.0,False,
334,339,334,328,186615,31102.5,202791.4132347882,651288.5203308751,127174.1432347882,1.0,186609,169605,17.319472398574927,17.480634790614396,2.6793130241406102e-05,0.6666666666666666,289942.9826,0.6666666666666666,768973.0704000001,0.0,-479030.0878000001,False,
335,340,335,329,171754,28625.666666666668,163965.03020977677,370431.53528092935,95832.52520977677,1.0,171746,158054,17.2244853039791,17.37741821182413,3.493368422278375e-05,0.6666666666666666,289942.9826,0.6666666666666666,289942.9826,0.0,0.0,False,
336,341,336,330,150049,25008.166666666668,158012.96557944402,379185.9389932447,98383.11557944401,1.0,150044,140066,17.05793682010625,17.182381571653735,2.6657958400255915e-05,0.6666666666666666,289942.9826,0.6666666666666666,289942.9826,0.0,0.0,False,
337,342,337,331,116299,19383.166666666668,156887.65618165245,397970.36590019567,105296.53618165245,1.0,116298,110543,16.726246479484413,16.816284108654024,3.4394104850428635e-05,0.6666666666666666,289942.9826,0.6666666666666666,289942.9826,0.0,0.0,False,
338,343,338,332,76433,12738.833333333334,155370.59729423156,424109.1108454608,114988.02729423155,1.0,76433,74223,16.16337196951006,16.212413570038333,5.2333416194575645e-05,0.3333333333333333,289942.9826,0.6666666666666666,289942.9826,-0.3333333333333333,0.0,False,
339,344,339,333,40806,6801.0,164116.94685119833,484398.47507658607,134820.07185119833,1.0,40806,40275,15.290338596741128,15.309784506043787,7.351860020585208e-05,0.3333333333333333,235566.8832,0.3333333333333333,289942.9826,0.0,-54376.09939999998,False,
340,345,340,334,26263,4377.166666666667,159251.44831626242,496952.0614090739,137265.76831626243,1.0,26263,26065,14.665608369280381,14.674194965442446,0.00011422914366218635,0.3333333333333333,216741.5026,0.3333333333333333,235566.8832,0.0,-18825.380600000004,False,
341,346,341,335,14257,2376.1666666666665,156944.52153468473,504299.39431379514,140576.34153468473,1.0,14257,14204,13.791894924330165,13.79203520629692,0.00021042295012976082,0.3333333333333333,191541.74260000003,0.3333333333333333,216741.5026,0.0,-25199.75999999998,False,
342,347,342,336,3811,635.1666666666666,156531.3803594857,510361.5107263239,139757.7303594857,1.0,3811,3810,11.895429096170867,11.879160400290521,0.0005247966413014956,0.3333333333333333,138145.7502,0.3333333333333333,191541.74260000003,0.0,-53395.99240000002,False,
343,348,343,337,893,148.83333333333334,145104.530537514,438350.4832450815,125766.04053751398,1.0,893,893,9.802516365121221,9.737566757058513,0.0011198208286674132,0.3333333333333333,114792.4436,0.3333333333333333,138145.7502,0.0,-23353.30660000001,False,
344,349,344,338,585,97.5,166438.5361025641,527450.70794942,146728.5461025641,1.0,585,585,9.192292814470765,9.08972871190666,0.0017094017094017094,0.3333333333333333,114792.4436,0.3333333333333333,114792.4436,0.0,0.0,False,
345,350,345,339,62,10.333333333333334,782523.7316129032,1238224.1742088378,439346.6916129032,1.0,62,62,5.954196310386872,4.954196310386877,0.016129032258064516,0.3333333333333333,97923.5876,0.3333333333333333,114792.4436,0.0,-16868.856,False,
346,351,346,340,14722,2453.6666666666665,259393.14036883577,658630.7591964153,182619.52536883578,1.0,14722,14616,13.831285838615294,13.840387862796792,0.00013585110718652356,0.3333333333333333,189572.107,0.3333333333333333,97923.5876,0.0,91648.51939999999,False,
347,352,347,341,40785,6797.5,235990.43645016546,564491.9057360477,152161.19645016547,1.0,40785,39912,15.27244792264586,15.31192609599518,9.80752727718524e-05,0.3333333333333333,231467.0568,0.3333333333333333,189572.107,0.0,41894.9498,False,
348,353,348,342,70997,11832.833333333334,233525.99136160684,562569.2165795792,146283.19136160682,1.0,70997,68375,16.0404515284765,16.110889697128,7.042551093708185e-05,0.3333333333333333,274658.161,0.3333333333333333,231467.0568,0.0,43191.10420000003,False,
349,354,349,343,100450,16741.666666666668,243961.96665236435,622004.8096004992,156074.94165236436,1.0,100450,95329,16.511915304774295,16.60969237288426,4.977600796416127e-05,0.3333333333333333,274658.161,0.3333333333333333,274658.161,0.0,0.0,False,
350,355,350,344,129990,21665.0,232343.9955101931,573623.2706291283,143829.7955101931,1.0,129988,121577,16.855130348158657,16.980324687539476,4.615739672282483e-05,0.6666666666666666,274658.161,0.3333333333333333,274658.161,0.3333333333333333,0.0,False,
351,356,351,345,158284,26380.666666666668,226440.23595132798,549807.7443852908,138571.14095132798,1.0,158225,146076,17.112772123637896,17.26095765177817,3.790654772434359e-05,18.333333333333332,274658.161,0.6666666666666666,274658.161,17.666666666666664,0.0,True,train_velocity_02
352,357,352,346,170606,28434.333333333332,218305.3135681043,520929.14354506705,129466.26356810429,1.0,170479,156478,17.208922816658067,17.3656069540894,2.9307292826747007e-05,40.0,310073.9422,18.333333333333332,274658.161,21.666666666666668,35415.78119999997,True,train_velocity_02
353,358,353,347,171672,28612.0,212413.0269641526,505334.01622524194,123870.66196415262,1.0,171548,157467,17.217918604126066,17.374195651469265,2.912530872827252e-05,40.0,310073.9422,40.0,310073.9422,0.0,0.0,True,train_velocity_02
354,359,354,348,171870,28645.0,211091.5323687671,501350.11581364344,123264.2123687671,1.0,171745,157752,17.22086871217094,17.375419215036736,2.9091755396520627e-05,40.0,310073.9422,40.0,310073.9422,0.0,0.0,True,train_velocity_02
355,360,355,349,183099,30516.5,192880.95194097183,421903.3098356214,106826.65194097183,1.0,182975,167269,17.302672313705518,17.466918619269208,2.7307631390668435e-05,40.0,310073.9422,40.0,310073.9422,0.0,0.0,True,train_velocity_02
356,361,356,350,198334,33055.666666666664,185791.879755463,418603.5611368871,103401.26975546298,1.0,198208,179900,17.40388508695253,17.580470210918072,3.0251999152944025e-05,40.0,310073.9422,40.0,310073.9422,0.0,0.0,True,train_velocity_02
357,362,357,351,203562,33927.0,176347.57843875577,409201.81775244797,98493.18843875577,1.0,203493,184496,17.439888333341585,17.619323166310057,2.9475049370707695e-05,9.672619047619047,343791.1932,40.0,310073.9422,-30.327380952380953,33717.25099999999,True,train_velocity_02
358,363,358,352,191666,31944.333333333332,172233.63797674078,410827.3903652399,99149.06797674077,1.0,191662,175050,17.368145048573965,17.534312775440185,3.1304456711153776e-05,0.6666666666666666,343791.1932,9.672619047619047,343791.1932,-9.005952380952381,0.0,False,
359,364,359,353,176577,29429.5,168300.52235257142,417162.20171067794,100635.18235257143,1.0,176573,162877,17.269333404666867,17.416221057176507,2.831625862937982e-05,0.6666666666666666,343791.1932,0.6666666666666666,343791.1932,0.0,0.0,False,
360,365,360,354,154148,25691.333333333332,155826.43059871034,390977.77549452696,95159.34559871035,1.0,154145,144064,17.09921223199695,17.220625940895594,3.243635986195085e-05,0.6666666666666666,343791.1932,0.6666666666666666,343791.1932,0.0,0.0,False,
361,366,361,355,116960,19493.333333333332,149881.53068254105,396173.6313848836,98390.08068254105,1.0,116959,111405,16.738879130151975,16.824249943632942,3.419972640218878e-05,0.6666666666666666,343791.1932,0.6666666666666666,343791.1932,0.0,0.0,False,
362,367,362,356,73614,12269.0,142174.28105795092,413082.2607715402,103749.86605795092,1.0,73614,71611,16.112672118599274,16.158933423685287,5.433749015132991e-05,0.3333333333333333,343791.1932,0.6666666666666666,343791.1932,-0.3333333333333333,0.0,False,
363,368,363,357,40590,6765.0,145182.3481404287,461912.2551393299,116736.42314042868,1.0,40590,40092,15.28414987307071,15.301389942977357,7.390983000739098e-05,0.3333333333333333,339779.3582,0.3333333333333333,343791.1932,0.0,-4011.8349999999627,False,
364,369,364,358,25508,4251.333333333333,142695.36977458053,480289.28456288687,117826.37977458054,1.0,25508,25335,14.625097793897915,14.632124809441972,7.840677434530344e-05,0.3333333333333333,339779.3582,0.3333333333333333,339779.3582,0.0,0.0,False,
365,370,365,359,13464,2244.0,140603.04768790852,496756.94806819817,122718.06768790852,1.0,13464,13422,13.710580602149912,13.709540792286573,0.00014854426619132502,0.3333333333333333,278441.33239999996,0.3333333333333333,339779.3582,0.0,-61338.02580000006,False,
366,371,366,360,5487,914.5,151284.40071077092,538008.1895917767,130774.00071077092,1.0,5487,5481,12.419614873045052,12.40758644220853,0.00036449790413705123,0.3333333333333333,200000.0,0.3333333333333333,278441.33239999996,0.0,-78441.33239999996,False,
367,372,367,361,1989,331.5,190207.0294771242,711626.0015150207,156387.89947712419,1.0,1989,1988,10.956822030416449,10.918611874559234,0.001005530417295123,0.3333333333333333,200000.0,0.3333333333333333,200000.0,0.0,0.0,False,
368,373,368,362,562,93.66666666666667,382846.877366548,1185012.929215508,338626.537366548,1.0,562,562,9.134426320220928,8.995636284633738,0.0017793594306049821,0.3333333333333333,200000.0,0.3333333333333333,200000.0,0.0,0.0,False,
369,374,369,363,64,10.666666666666666,1524864.535625,2009669.5792287022,826849.200625,1.0,64,64,6.0,5.0,0.015625,0.3333333333333333,154071.4942,0.3333333333333333,200000.0,0.0,-45928.50580000001,False,
370,375,370,364,14540,2423.3333333333335,229910.96107634113,576461.6624969165,157805.62607634114,1.0,14540,14445,13.81467224853185,13.823062895024284,0.0001375515818431912,0.3333333333333333,273970.3162,0.3333333333333333,154071.4942,0.0,119898.82200000001,False,
371,376,371,365,39963,6660.5,242035.16380802242,622948.8302291685,160098.46380802244,1.0,39963,39181,15.246907676866694,15.281472732356335,0.0001000925856417186,0.3333333333333333,356617.8808,0.3333333333333333,273970.3162,0.0,82647.56459999998,False,
372,377,372,366,68337,11389.5,228610.81707332778,554812.4342791131,142940.6670733278,1.0,68336,66148,15.995511914594752,16.054866103945308,5.853344454687797e-05,0.6666666666666666,356617.8808,0.3333333333333333,356617.8808,0.3333333333333333,0.0,False,
373,378,373,367,97842,16307.0,215713.86259898613,513449.51455224655,128757.89759898614,1.0,97840,93428,16.48629930302956,16.571474312615607,4.088223871139184e-05,0.6666666666666666,356617.8808,0.6666666666666666,356617.8808,0.0,0.0,False,
374,379,374,368,126681,21113.5,209237.72407448632,491681.14285538776,121217.04407448633,1.0,126675,119435,16.833605186676426,16.94289733951214,3.157537436553232e-05,0.6666666666666666,356617.8808,0.6666666666666666,356617.8808,0.0,0.0,False,
375,380,375,369,154402,25733.666666666668,204059.15454825715,481381.94360857963,116183.45454825716,1.0,154392,143851,17.09543663664082,17.226553709492897,3.23830002202044e-05,0.6666666666666666,399075.5612,0.6666666666666666,356617.8808,0.0,42457.68040000001,False,
376,381,376,370,166015,27669.166666666668,203202.3976257567,497170.05512655387,114306.0776257567,1.0,166002,153732,17.18820621519303,17.330362839827885,3.0117760443333435e-05,0.6666666666666666,399075.5612,0.6666666666666666,399075.5612,0.0,0.0,False,
377,382,377,371,160708,26784.666666666668,208678.8781011524,558299.7283853968,120185.1981011524,1.0,160698,149285,17.1473977502774,17.282475068774847,3.1112327948826444e-05,0.6666666666666666,399075.5612,0.6666666666666666,399075.5612,0.0,0.0,False,
378,383,378,372,150503,25083.833333333332,202861.3397328957,552980.489683022,115679.33973289569,1.0,150492,140521,17.062877991646467,17.18851860101842,3.322192913098078e-05,0.6666666666666666,399075.5612,0.6666666666666666,399075.5612,0.0,0.0,False,
379,384,379,373,158115,26352.5,193252.82425987412,526319.724274519,108464.67425987413,1.0,158110,147056,17.126435016149202,17.258719117563082,3.162255320494577e-05,0.6666666666666666,399075.5612,0.6666666666666666,399075.5612,0.0,0.0,False,
380,385,380,374,171021,28503.5,181243.18418515855,495760.5611215844,100373.24418515855,1.0,171017,158201,17.22904902364171,17.371230025853805,2.923617567433239e-05,0.6666666666666666,399075.5612,0.6666666666666666,399075.5612,0.0,0.0,False,
381,386,381,375,180987,30164.5,170156.07859625277,466041.5982440486,94669.02859625277,1.0,180981,167138,17.30734108175998,17.4519556494754,2.7626293601197875e-05,0.6666666666666666,329518.66,0.6666666666666666,399075.5612,0.0,-69556.90120000002,False,
382,387,382,376,169845,28307.5,160902.58749659985,427353.1761543137,89790.46749659986,1.0,169839,157837,17.227932004046956,17.360255503239827,3.532632694515588e-05,0.6666666666666666,200000.0,0.6666666666666666,329518.66,0.0,-129518.65999999997,False,
383,388,383,377,161552,26925.333333333332,141421.68896064427,277750.3776381605,74685.09896064427,1.0,161546,150952,17.166460776084932,17.28900641569328,3.094978706546499e-05,0.6666666666666666,185435.9786,0.6666666666666666,200000.0,0.0,-14564.021399999998,False,
384,389,384,378,151187,25197.833333333332,138492.32003214562,284702.50356863276,76255.30003214563,1.0,151185,142161,17.083395339435526,17.193210323764358,3.307162652873594e-05,0.6666666666666666,202003.12920000002,0.6666666666666666,185435.9786,0.0,16567.150600000023,False,
385,390,385,379,117648,19608.0,134725.39812415,294840.9925765839,79608.05312415,1.0,117645,112419,16.753426261423556,16.832954443084233,4.249966000271998e-05,0.6666666666666666,202003.12920000002,0.6666666666666666,202003.12920000002,0.0,0.0,False,
386,391,386,380,77308,12884.666666666666,131224.6550746365,309193.25728512474,87823.76507463651,1.0,77307,75252,16.18453484673945,16.22920071039681,3.880581569824598e-05,0.6666666666666666,202003.12920000002,0.6666666666666666,202003.12920000002,0.0,0.0,False,
387,392,387,381,40248,6708.0,135991.3978249851,371943.7276883123,106495.8678249851,1.0,40248,39776,15.273006089582676,15.290101078153967,7.453786523553965e-05,0.3333333333333333,202003.12920000002,0.6666666666666666,202003.12920000002,-0.3333333333333333,0.0,False,
388,393,388,382,25315,4219.166666666667,141311.9230835473,454933.7104171271,116813.5830835473,1.0,25315,25161,14.615508344440977,14.618984544322469,0.00011850681414181315,0.3333333333333333,202003.12920000002,0.3333333333333333,202003.12920000002,0.0,0.0,False,
389,394,389,383,13504,2250.6666666666665,144693.81779028435,536371.5319369817,126972.02779028434,1.0,13504,13467,13.715563429857799,13.70934305071088,0.0002221563981042654,0.3333333333333333,202003.12920000002,0.3333333333333333,202003.12920000002,0.0,0.0,False,
390,395,390,384,5696,949.3333333333334,162310.43863939604,698399.7244878843,146384.39863939604,1.0,5696,5693,12.47468006017988,12.451857026472014,0.00035112359550561797,0.3333333333333333,200000.0,0.3333333333333333,202003.12920000002,0.0,-2003.1292000000249,False,
391,396,391,385,2120,353.3333333333333,235066.9005283019,1048735.6512192907,219067.60552830188,1.0,2120,2120,11.04984854945056,10.983810813601506,0.0004716981132075472,0.3333333333333333,200000.0,0.3333333333333333,200000.0,0.0,0.0,False,
392,397,392,386,713,118.83333333333333,518497.4135904628,1743804.679827295,482971.87359046284,1.0,713,713,9.477758266443889,9.278599781170396,0.001402524544179523,0.3333333333333333,200000.0,0.3333333333333333,200000.0,0.0,0.0,False,
393,398,393,387,90,15.0,2730131.993,3617786.7250046097,1767761.7279999997,1.0,90,90,6.491853096329675,5.1694136517890765,0.011111111111111112,0.3333333333333333,200000.0,0.3333333333333333,200000.0,0.0,0.0,False,
394,399,394,388,19331,3221.8333333333335,241865.40342351663,601763.5674627752,160885.1634235166,1.0,19331,19166,14.22151857376176,14.234593680455783,0.0001551911437587295,0.3333333333333333,181219.1036,0.3333333333333333,200000.0,0.0,-18780.896399999998,False,
395,400,395,389,48272,8045.333333333333,229433.5503059745,537487.4706372633,142269.4553059745,1.0,48272,47185,15.51344028951266,15.554556719784538,6.214782896917468e-05,0.3333333333333333,181219.1036,0.3333333333333333,181219.1036,0.0,0.0,False,
396,401,396,390,71059,11843.166666666666,210560.67314893258,465969.09830293467,122213.03314893258,1.0,71057,68779,16.051687171751567,16.111730831164326,5.629125093232384e-05,0.6666666666666666,168656.9002,0.3333333333333333,181219.1036,0.3333333333333333,-12562.203399999999,False,
397,402,397,391,105122,17520.333333333332,203399.46561338255,424671.94407348224,114014.11061338255,1.0,105120,100232,16.586805127737364,16.675456548435584,3.805102642643785e-05,0.6666666666666666,168656.9002,0.6666666666666666,168656.9002,0.0,0.0,False,
398,403,398,392,135458,22576.333333333332,201417.62145565415,407974.80292406783,111530.44645565415,1.0,135453,127473,16.92670952010658,17.040412936420218,2.9529448242259592e-05,0.6666666666666666,168656.9002,0.6666666666666666,168656.9002,0.0,0.0,False,
399,404,399,393,162104,27017.333333333332,199256.55141754675,399972.56813232973,109028.55141754675,1.0,162097,150770,17.16258884867712,17.298149988100036,3.084439619010018e-05,0.6666666666666666,200000.0,0.6666666666666666,168656.9002,0.0,31343.099799999996,False,
400,405,400,394,173058,28843.0,194389.84244276484,365863.7489776065,102802.48244276484,1.0,173053,160236,17.248039817081953,17.39181388528742,2.8892047752776526e-05,0.6666666666666666,200000.0,0.6666666666666666,200000.0,0.0,0.0,False,
401,406,401,395,175009,29168.166666666668,187505.45590735335,330385.5527442481,95887.15590735334,1.0,175003,161988,17.263378144812364,17.40795937097802,2.8569959259238096e-05,0.6666666666666666,200000.0,0.6666666666666666,200000.0,0.0,0.0,False,
402,407,402,396,185680,30946.666666666668,186457.626288184,333199.2015610879,95785.861288184,1.0,185673,171180,17.340866201256027,17.492737771523046,2.6928048255062473e-05,0.6666666666666666,200000.0,0.6666666666666666,200000.0,0.0,0.0,False,
403,408,403,397,191823,31970.5,181318.5790363512,328404.1945969936,92178.7490363512,1.0,191814,176426,17.383182161436174,17.53946485810959,2.6065695980148366e-05,0.6666666666666666,200000.0,0.6666666666666666,200000.0,0.0,0.0,False,
404,409,404,398,206630,34438.333333333336,172348.26711837584,318275.3049684005,86764.43211837584,1.0,206622,189229,17.482084266001216,17.645054412184848,2.9037409863040215e-05,0.6666666666666666,200000.0,0.6666666666666666,200000.0,0.0,0.0,False,
405,410,405,399,216700,36116.666666666664,163589.27695223814,308896.64983949304,83118.10695223814,1.0,216688,198000,17.546375627540314,17.71260973204454,2.768804799261652e-05,0.6666666666666666,200000.0,0.6666666666666666,200000.0,0.0,0.0,False,
406,411,406,400,203081,33846.833333333336,156514.38920622805,304130.41381831776,80798.16920622805,1.0,203070,186939,17.467219185293636,17.618592308835503,3.4469004978309145e-05,0.6666666666666666,200000.0,0.6666666666666666,200000.0,0.0,0.0,False,
407,412,407,401,184194,30699.0,151546.7444123587,308996.30669754423,81219.4294123587,1.0,184187,171343,17.346962124245334,17.477725134211852,3.80034094487334e-05,0.6666666666666666,200000.0,0.6666666666666666,200000.0,0.0,0.0,False,
408,413,408,402,158663,26443.833333333332,146007.41847973378,309664.02847985295,81976.82847973378,1.0,158658,149368,17.155286908225527,17.26293593277532,3.781599994957867e-05,0.6666666666666666,200000.0,0.6666666666666666,200000.0,0.0,0.0,False,
409,414,409,403,126701,21116.833333333332,138822.5804293573,314098.4100730257,84912.7904293573,1.0,126698,121110,16.860870807114566,16.93932984986555,3.1570390131096046e-05,0.6666666666666666,200000.0,0.6666666666666666,200000.0,0.0,0.0,False,
410,415,410,404,82029,13671.5,133689.89270453132,336127.906904098,91973.30270453132,1.0,82029,79912,16.27149156352296,16.31427671077823,4.87632422679784e-05,0.3333333333333333,200000.0,0.6666666666666666,200000.0,-0.3333333333333333,0.0,False,
411,416,411,405,45323,7553.833333333333,135322.00077157293,370911.1501914636,105901.55077157293,1.0,45323,44751,15.44248151033566,15.459962783916929,6.619155836992255e-05,0.3333333333333333,200000.0,0.3333333333333333,200000.0,0.0,0.0,False,
412,417,412,406,28735,4789.166666666667,136588.54791439013,397215.4568151019,111616.38791439013,1.0,28735,28533,14.796383107424472,14.803230328148402,0.00010440229685053071,0.3333333333333333,200000.0,0.3333333333333333,200000.0,0.0,0.0,False,
413,418,413,407,16720,2786.6666666666665,131261.70955023923,398750.76813873084,112379.55955023924,1.0,16720,16659,14.021945427476483,14.02166104425267,0.00017942583732057416,0.3333333333333333,200000.0,0.3333333333333333,200000.0,0.0,0.0,False,
414,419,414,408,9072,1512.0,141075.5412962963,483669.22833252576,125750.57629629629,1.0,9072,9058,13.144118505189137,13.134913283076667,0.0002204585537918871,0.3333333333333333,200000.0,0.3333333333333333,200000.0,0.0,0.0,False,
415,420,415,409,832,138.66666666666666,361613.52801682684,1303663.9908036508,327022.83801682683,1.0,832,832,9.700439718141093,9.568228179679554,0.001201923076923077,0.3333333333333333,200000.0,0.3333333333333333,200000.0,0.0,0.0,False,
416,421,416,410,365,60.833333333333336,516032.1053150685,1486213.670019799,452419.1853150685,1.0,365,365,8.511752653767381,8.254218407192038,0.0027397260273972603,0.3333333333333333,200000.0,0.3333333333333333,200000.0,0.0,0.0,False,
417,422,417,411,2527,421.1666666666667,199724.5038306292,705898.9958050785,155382.9738306292,1.0,2527,2525,11.301627044314783,11.267788589623715,0.0007914523149980214,0.3333333333333333,200000.0,0.3333333333333333,200000.0,0.0,0.0,False,
418,423,418,412,2517,419.5,185499.35367500992,625902.5897668812,141623.61367500992,1.0,2517,2515,11.295900307676675,11.26808942170131,0.0007945967421533572,0.3333333333333333,200000.0,0.3333333333333333,200000.0,0.0,0.0,False,
419,424,419,413,2515,419.1666666666667,183987.53778131213,623209.2805946929,140429.75778131213,1.0,2515,2513,11.294752227436426,11.267714454076586,0.0007952286282306163,0.3333333333333333,200000.0,0.3333333333333333,200000.0,0.0,0.0,False,
420,425,420,414,3483,580.5,172360.49397932817,498150.6672122476,105505.38397932817,1.0,3483,3477,11.762669451815835,11.74659135821836,0.0005742176284811944,0.3333333333333333,200000.0,0.3333333333333333,200000.0,0.0,0.0,False,
421,426,421,415,6087,1014.5,176788.55555938886,419607.7545383545,102572.93555938886,1.0,6087,6070,12.565929976089777,12.561330008946683,0.0003285690816494168,0.3333333333333333,200000.0,0.3333333333333333,200000.0,0.0,0.0,False,
422,427,422,416,6085,1014.1666666666666,183940.23308299095,495358.7985325872,109616.33308299095,1.0,6085,6069,12.565782714404705,12.559618412842777,0.0003286770747740345,0.3333333333333333,200000.0,0.3333333333333333,200000.0,0.0,0.0,False,
423,428,423,417,5162,860.3333333333334,197213.26453893838,476613.68790508783,105281.55453893839,1.0,5162,5153,12.33022740555929,12.320928684133486,0.0003874467260751647,0.3333333333333333,200000.0,0.3333333333333333,200000.0,0.0,0.0,False,
424,429,424,418,5922,987.0,191287.70607565015,459838.36754944356,101163.05107565015,1.0,5922,5908,12.527140642789853,12.52072389169225,0.00033772374197906115,0.3333333333333333,200000.0,0.3333333333333333,200000.0,0.0,0.0,False,
425,430,425,419,5930,988.3333333333334,194542.91579089375,472661.11284133716,104047.96079089376,1.0,5930,5916,12.529094635639098,12.521337468691375,0.0003372681281618887,0.3333333333333333,200000.0,0.3333333333333333,200000.0,0.0,0.0,False,
426,431,426,420,4701,783.5,227674.83191235908,684182.5182637565,137682.0619123591,1.0,4701,4692,12.194922992634707,12.17320299341415,0.00042544139544777704,0.3333333333333333,200000.0,0.3333333333333333,200000.0,0.0,0.0,False,
427,432,427,421,7220,1203.3333333333333,199792.81430886427,585216.7306459747,116756.47930886428,1.0,7220,7201,12.81241540882409,12.80281003086929,0.0004155124653739612,0.3333333333333333,200000.0,0.3333333333333333,200000.0,0.0,0.0,False,
428,433,428,422,7220,1203.3333333333333,195274.37195983384,539713.747377151,112238.03695983384,1.0,7220,7201,12.81241540882409,12.804967425789354,0.0004155124653739612,0.3333333333333333,200000.0,0.3333333333333333,200000.0,0.0,0.0,False,
429,434,429,423,8753,1458.8333333333333,175386.22207128984,501232.7084166638,100568.76207128984,1.0,8753,8731,13.090535007193179,13.085219192613835,0.00022849308808408546,0.3333333333333333,200000.0,0.3333333333333333,200000.0,0.0,0.0,False,
430,435,430,424,10344,1724.0,166306.22843000776,473943.03952050646,98026.41843000776,1.0,10344,10304,13.32877260776076,13.32775469157621,0.00019334880123743234,0.3333333333333333,200000.0,0.3333333333333333,200000.0,0.0,0.0,False,
431,436,431,425,10338,1723.0,165412.70980460438,469879.94147955405,97239.33980460439,1.0,10338,10298,13.327931046241906,13.327492922328869,0.0001934610176049526,0.3333333333333333,200000.0,0.3333333333333333,200000.0,0.0,0.0,False,
432,437,432,426,11995,1999.1666666666667,148088.17459358065,350842.694040818,90575.41459358064,1.0,11995,11947,13.542142202457992,13.545977133679335,0.00016673614005835764,0.3333333333333333,161119.4974,0.3333333333333333,200000.0,0.0,-38880.50260000001,False,
433,438,433,427,6860,1143.3333333333333,130036.84956851312,330770.7758990762,88423.63456851312,1.0,6860,6843,12.739036592838604,12.736995776512073,0.0002915451895043732,0.3333333333333333,143241.3092,0.3333333333333333,161119.4974,0.0,-17878.188200000004,False,
434,439,434,428,6852,1142.0,127482.93174547577,314359.0966592834,86078.23174547577,1.0,6852,6835,12.737347381209513,12.736471724466956,0.0002918855808523059,0.3333333333333333,143241.3092,0.3333333333333333,143241.3092,0.0,0.0,False,
435,440,435,429,4068,678.0,127679.01172566372,337805.26829343155,100789.26172566372,1.0,4068,4064,11.988137395519253,11.980271122166254,0.0004916420845624386,0.3333333333333333,120110.3374,0.3333333333333333,143241.3092,0.0,-23130.971799999985,False,
436,441,436,430,1715,285.8333333333333,125875.9723148688,388512.6223774177,111861.0823148688,1.0,1715,1715,10.743992861060175,10.72300160741586,0.0005830903790087463,0.3333333333333333,120110.3374,0.3333333333333333,120110.3374,0.0,0.0,False,
437,442,437,431,1955,325.8333333333333,132871.7269411765,406424.27191974793,117860.78694117648,1.0,1955,1954,10.931929874291901,10.909423480430009,0.0010230179028132991,0.3333333333333333,120110.3374,0.3333333333333333,120110.3374,0.0,0.0,False,
438,443,438,432,286,47.666666666666664,374934.05611888116,981611.1729612729,304675.1611188812,1.0,286,286,8.159871336778387,7.964067140974192,0.0034965034965034965,0.3333333333333333,160128.5808,0.3333333333333333,120110.3374,0.0,40018.24339999999,False,
439,444,439,433,294,49.0,398312.6832312924,1032747.6488817156,328053.7882312924,1.0,294,294,8.199672344836365,7.981985270006433,0.003401360544217687,0.3333333333333333,160128.5808,0.3333333333333333,160128.5808,0.0,0.0,False,
440,445,440,434,1171,195.16666666666666,173819.18701110163,617194.8534761135,160879.99701110163,1.0,1171,1170,10.191817418571242,10.133747392952113,0.0017079419299743809,0.3333333333333333,160128.5808,0.3333333333333333,160128.5808,0.0,0.0,False,
441,446,441,435,1181,196.83333333333334,249704.30559695172,1033433.1253775222,236338.75559695173,1.0,1181,1180,10.204099769295548,10.124506204519934,0.001693480101608806,0.3333333333333333,200000.0,0.3333333333333333,160128.5808,0.0,39871.419200000004,False,
442,447,442,436,1187,197.83333333333334,259972.36755686603,1053016.8727179258,246189.28755686604,1.0,1187,1186,10.211419299675603,10.127173301360525,0.0016849199663016006,0.3333333333333333,200000.0,0.3333333333333333,200000.0,0.0,0.0,False,
443,448,443,437,2161,360.1666666666667,185847.8310180472,782310.5546449091,161183.69101804722,1.0,2161,2158,11.07470686449486,11.03305947902517,0.0009254974548819991,0.3333333333333333,200000.0,0.3333333333333333,200000.0,0.0,0.0,False,
444,449,444,438,2155,359.1666666666667,179793.03185614847,744009.2994334374,155055.9518561485,1.0,2155,2152,11.070687931238641,11.031708812909176,0.0009280742459396752,0.3333333333333333,200000.0,0.3333333333333333,200000.0,0.0,0.0,False,
445,450,445,439,2163,360.5,198518.55032362457,850238.1746124084,173385.67032362457,1.0,2163,2161,11.076968666559296,11.026566655459595,0.0009246417013407304,0.3333333333333333,200000.0,0.3333333333333333,200000.0,0.0,0.0,False,
446,451,446,440,1344,224.0,267723.9839360119,1038985.2487095135,206323.42893601191,1.0,1344,1342,10.389341232302574,10.312689781403275,0.001488095238095238,0.3333333333333333,200000.0,0.3333333333333333,200000.0,0.0,0.0,False,
447,452,447,441,1338,223.0,206758.85190582962,737056.2904092394,147306.4669058296,1.0,1338,1336,10.382872864019637,10.330555973137724,0.0014947683109118087,0.3333333333333333,200000.0,0.3333333333333333,200000.0,0.0,0.0,False,
448,453,448,442,1338,223.0,206999.63899103142,732363.7742524182,147547.2539910314,1.0,1338,1336,10.382872864019637,10.330555973137724,0.0014947683109118087,0.3333333333333333,200000.0,0.3333333333333333,200000.0,0.0,0.0,False,
449,454,449,443,2664,444.0,191046.35983483485,568159.0683575025,118473.46983483485,1.0,2664,2657,11.374123111816008,11.353852841545736,0.0007507507507507507,0.3333333333333333,200000.0,0.3333333333333333,200000.0,0.0,0.0,False,
450,455,450,444,3848,641.3333333333334,173418.28820945945,491572.06958491507,105322.77820945946,1.0,3848,3837,11.904175828052788,11.892221566098526,0.0005197505197505198,0.3333333333333333,200000.0,0.3333333333333333,200000.0,0.0,0.0,False,
451,456,451,445,3901,650.1666666666666,172444.300138426,473744.9961869566,102343.19013842601,1.0,3845,3834,11.838760625806568,11.829019533778885,0.014611638041527814,19.0,200000.0,0.3333333333333333,200000.0,18.666666666666668,0.0,True,train_destination_01
452,457,452,446,7631,1271.8333333333333,155932.8652810903,402285.0857909228,88838.34528109028,1.0,7530,7505,12.803515981559428,12.802467626166951,0.013104442405975626,33.333333333333336,200000.0,19.0,200000.0,14.333333333333336,0.0,True,train_destination_01
453,458,453,447,7927,1321.1666666666667,155083.4076220512,393858.95299455733,87390.35762205119,1.0,7826,7796,12.860672592837151,12.86117719735336,0.012615112905260501,33.333333333333336,200000.0,33.333333333333336,200000.0,0.0,0.0,True,train_destination_01
454,459,454,448,7976,1329.3333333333333,154519.160225677,390245.0943559926,87062.19022567701,1.0,7875,7845,12.87012752551938,12.87087978228969,0.012537612838515547,33.333333333333336,200000.0,33.333333333333336,200000.0,0.0,0.0,True,train_destination_01
455,460,455,449,5467,911.1666666666666,157949.1061423084,428982.05299426406,89857.2061423084,1.0,5366,5361,12.29244629620151,12.28549550051832,0.018291567587342236,33.333333333333336,200000.0,33.333333333333336,200000.0,0.0,0.0,True,train_destination_01
456,461,456,450,5097,849.5,152908.63982146358,439956.58350764174,97852.90982146357,1.0,4998,4993,12.183122334005539,12.173705029708895,0.019619383951343928,33.333333333333336,200000.0,33.333333333333336,200000.0,0.0,0.0,True,train_destination_01
457,462,457,451,5042,840.3333333333334,148751.2253232844,410043.3303215662,96218.78532328439,1.0,5000,4995,12.25151991407389,12.24160321435156,0.00852836176120587,14.333333333333334,200000.0,33.333333333333336,200000.0,-19.0,0.0,True,train_destination_01
458,463,458,452,1258,209.66666666666666,172636.91209856916,613476.1533222753,147162.18209856914,1.0,1258,1257,10.295326381760056,10.246041803063711,0.001589825119236884,0.3333333333333333,200000.0,14.333333333333334,200000.0,-14.0,0.0,False,
459,464,459,453,1388,231.33333333333334,140667.4446829971,514132.65821710683,120782.7846829971,1.0,1388,1387,10.437350930388057,10.395564186872207,0.001440922190201729,0.3333333333333333,200000.0,0.3333333333333333,200000.0,0.0,0.0,False,
460,465,460,454,1337,222.83333333333334,133195.76359012717,499351.9399760249,113645.16359012717,1.0,1337,1337,10.384783750093355,10.339907160714148,0.0007479431563201197,0.3333333333333333,200000.0,0.3333333333333333,200000.0,0.0,0.0,False,
461,466,461,455,1357,226.16666666666666,137548.47118644067,489101.82686702313,117288.10118644068,1.0,1357,1357,10.406205005418851,10.354620628115978,0.0007369196757553427,0.3333333333333333,200000.0,0.3333333333333333,200000.0,0.0,0.0,False,
462,467,462,456,616,102.66666666666667,229237.98667207797,759916.9252003615,190611.90167207798,1.0,616,616,9.266786540694902,9.146656670565033,0.0016233766233766235,0.3333333333333333,200000.0,0.3333333333333333,200000.0,0.0,0.0,False,
463,468,463,457,614,102.33333333333333,199013.95216612375,528091.8903176993,156256.68216612376,1.0,614,614,9.26209484537018,9.144831001721972,0.0016286644951140066,0.3333333333333333,125473.209,0.3333333333333333,200000.0,0.0,-74526.791,False,
464,469,464,458,614,102.33333333333333,216244.49161237784,582279.7775538485,173487.22161237785,1.0,614,614,9.26209484537018,9.144831001721972,0.0016286644951140066,0.3333333333333333,125473.209,0.3333333333333333,125473.209,0.0,0.0,False,
465,470,465,459,192,32.0,581682.8484895834,1037285.2808143109,392504.0684895833,1.0,192,192,7.584962500721157,7.157879167387824,0.005208333333333333,0.3333333333333333,125473.209,0.3333333333333333,125473.209,0.0,0.0,False,
466,471,466,460,196,32.666666666666664,657738.9104591836,1125970.288106296,439255.4054591836,1.0,196,196,7.614709844115208,7.175934333911126,0.00510204081632653,0.3333333333333333,125473.209,0.3333333333333333,125473.209,0.0,0.0,False,
467,472,467,461,1121,186.83333333333334,243147.14804638718,590540.1749258952,172666.94804638717,1.0,1121,1121,10.130570562805428,10.062773952635935,0.0008920606601248885,0.3333333333333333,125473.209,0.3333333333333333,125473.209,0.0,0.0,False,
468,473,468,462,1050,175.0,229112.01551428574,541687.4637229751,159394.52051428574,1.0,1050,1050,10.036173612553485,9.967602183982057,0.0009523809523809524,0.3333333333333333,93815.3996,0.3333333333333333,125473.209,0.0,-31657.8094,False,
469,474,469,463,1046,174.33333333333334,225680.15498087957,514561.8353488538,155962.65998087957,1.0,1046,1046,10.030667136246942,9.965657576017497,0.0009560229445506692,0.3333333333333333,93815.3996,0.3333333333333333,93815.3996,0.0,0.0,False,
470,475,470,464,7052,1175.3333333333333,191298.08576290417,424236.7938769855,107875.78576290418,1.0,7052,7033,12.778428217062665,12.774174104754099,0.0002836074872376631,0.3333333333333333,200000.0,0.3333333333333333,93815.3996,0.0,106184.6004,False,
471,476,471,465,7048,1174.6666666666667,190595.362176504,420447.71276139276,107612.44217650397,1.0,7048,7029,12.77760660846638,12.773917618682043,0.00028376844494892167,0.3333333333333333,200000.0,0.3333333333333333,200000.0,0.0,0.0,False,
472,477,472,466,9656,1609.3333333333333,186639.00511288317,399405.29526192637,102305.62511288316,1.0,9656,9623,13.230374832337453,13.231203332751706,0.00020712510356255177,0.3333333333333333,200000.0,0.3333333333333333,200000.0,0.0,0.0,False,
473,478,473,467,8756,1459.3333333333333,192693.3358074463,438671.1728026591,103661.0808074463,1.0,8756,8728,13.089660624745132,13.089432209943853,0.00022841480127912289,0.3333333333333333,297083.3972,0.3333333333333333,200000.0,0.0,97083.3972,False,
474,479,474,468,8754,1459.0,192137.54667923236,437733.8772839212,103436.51167923235,1.0,8754,8726,13.089329593016476,13.089329593016476,0.0002284669865204478,0.3333333333333333,297083.3972,0.3333333333333333,297083.3972,0.0,0.0,False,
475,480,475,469,11470,1911.6666666666667,196328.07766957278,454950.3001994865,104544.65766957279,1.0,11470,11415,13.475987535506501,13.480869837162997,0.0001743679163034002,0.3333333333333333,297083.3972,0.3333333333333333,297083.3972,0.0,0.0,False,
476,481,476,470,5468,911.3333333333334,206200.17152158008,496005.0865402409,108483.95652158008,1.0,5468,5452,12.41094529644293,12.406190358622887,0.000365764447695684,0.3333333333333333,297083.3972,0.3333333333333333,297083.3972,0.0,0.0,False,
477,482,477,471,9211,1535.1666666666667,185319.57562588208,448841.81177015085,103332.15562588208,1.0,9211,9174,13.161108204344266,13.162845257867229,0.00021713169037020953,0.3333333333333333,297083.3972,0.3333333333333333,297083.3972,0.0,0.0,False,
478,483,478,472,6601,1100.1666666666667,191824.55106802,518032.6978257941,112482.06106801999,1.0,6601,6581,12.682409194806631,12.679379350843597,0.0003029843963035904,0.3333333333333333,297083.3972,0.3333333333333333,297083.3972,0.0,0.0,False,
479,484,479,473,8425,1404.1666666666667,173921.4189388724,464108.5327422874,110546.0989388724,1.0,8425,8402,13.035001030303764,13.033101920511479,0.00023738872403560832,0.3333333333333333,192790.49399999998,0.3333333333333333,297083.3972,0.0,-104292.90320000003,False,
480,485,480,474,9319,1553.1666666666667,167681.89971348856,462761.3428693632,113211.94971348856,1.0,9319,9292,13.1801648224754,13.179735591871257,0.00021461530207103768,0.3333333333333333,192790.49399999998,0.3333333333333333,192790.49399999998,0.0,0.0,False,
481,486,481,475,6597,1099.5,149497.37136728814,441605.1321241705,110293.67136728815,1.0,6597,6588,12.684865876615685,12.679712018801528,0.00030316810671517357,0.3333333333333333,192790.49399999998,0.3333333333333333,192790.49399999998,0.0,0.0,False,
482,487,482,476,6597,1099.5,149998.84630134908,442174.9881202858,110466.41630134909,1.0,6597,6587,12.68456270850897,12.679712018801528,0.00030316810671517357,0.3333333333333333,192790.49399999998,0.3333333333333333,192790.49399999998,0.0,0.0,False,
483,488,483,477,2858,476.3333333333333,141271.76623512944,517548.44274940493,124849.98123512944,1.0,2858,2857,11.480090411032833,11.460496289269361,0.0006997900629811056,0.3333333333333333,192790.49399999998,0.3333333333333333,192790.49399999998,0.0,0.0,False,
484,489,484,478,3165,527.5,135662.3402906793,451744.1711462263,118245.7302906793,1.0,3165,3163,11.626725961250926,11.610296261408905,0.000631911532385466,0.3333333333333333,151526.4922,0.3333333333333333,192790.49399999998,0.0,-41264.00179999997,False,
485,490,485,479,1263,210.5,142708.87568487728,521088.8771694328,127452.35568487727,1.0,1263,1263,10.302638923787548,10.259883579369497,0.000791765637371338,0.3333333333333333,151526.4922,0.3333333333333333,151526.4922,0.0,0.0,False,
486,491,486,480,371,61.833333333333336,264552.2842048517,727750.880475458,179387.74420485174,1.0,371,371,8.535275376620802,8.368159473655844,0.0026954177897574125,0.3333333333333333,151526.4922,0.3333333333333333,151526.4922,0.0,0.0,False,
487,492,487,481,373,62.166666666666664,290915.52235924936,792055.6189309736,202740.21235924936,1.0,373,373,8.543031820255237,8.37145005081824,0.002680965147453083,0.3333333333333333,151526.4922,0.3333333333333333,151526.4922,0.0,0.0,False,
488,493,488,482,1271,211.83333333333334,168256.73034618408,515327.5386525696,149773.6803461841,1.0,1271,1271,10.311748315004959,10.261394263077342,0.0007867820613690008,0.3333333333333333,151526.4922,0.3333333333333333,151526.4922,0.0,0.0,False,
489,494,489,483,1263,210.5,172424.14835312747,552808.3194682607,154412.59835312748,1.0,1263,1263,10.302638923787548,10.258300048094753,0.000791765637371338,0.3333333333333333,151526.4922,0.3333333333333333,151526.4922,0.0,0.0,False,
490,495,490,484,960,160.0,181140.11844791664,600714.4473661367,167798.88344791665,1.0,960,960,9.906890595608518,9.842307262275185,0.0010416666666666667,0.3333333333333333,150312.4926,0.3333333333333333,151526.4922,0.0,-1213.99960000001,False,
491,496,491,485,4774,795.6666666666666,197801.74071219104,474770.784685771,123383.71571219104,1.0,4774,4763,12.2163745561509,12.206739030386341,0.00041893590280687055,0.3333333333333333,162111.1636,0.3333333333333333,150312.4926,0.0,11798.671000000002,False,
492,497,492,486,4774,795.6666666666666,196331.0171093423,468344.314631852,121912.9921093423,1.0,4774,4763,12.2163745561509,12.206739030386341,0.00041893590280687055,0.3333333333333333,162111.1636,0.3333333333333333,162111.1636,0.0,0.0,False,
493,498,493,487,9885,1647.5,212220.42380475468,476128.94713370973,128335.80380475469,1.0,9885,9842,13.262325200034883,13.264146140854306,0.00020232675771370763,0.3333333333333333,162111.1636,0.3333333333333333,162111.1636,0.0,0.0,False,
494,499,494,488,10792,1798.6666666666667,223065.28404558933,494898.11173457245,128906.64404558933,1.0,10792,10739,13.387852542510906,13.391744314193636,0.00018532246108228317,0.3333333333333333,162111.1636,0.3333333333333333,162111.1636,0.0,0.0,False,
495,500,495,489,10792,1798.6666666666667,224095.75699962935,500903.0763797789,129526.38699962935,1.0,10792,10739,13.387852542510906,13.391744314193636,0.00018532246108228317,0.3333333333333333,162111.1636,0.3333333333333333,162111.1636,0.0,0.0,False,
496,501,496,490,14034,2339.0,222393.76440929173,492767.9941988167,128412.51940929174,1.0,14034,13952,13.7649527414159,13.771793271556986,0.00014251104460595695,0.3333333333333333,162111.1636,0.3333333333333333,162111.1636,0.0,0.0,False,
497,502,497,491,11087,1847.8333333333333,226617.8476278524,503048.315308442,132402.05762785242,1.0,11087,11033,13.426772197185063,13.430989288147646,0.0002705871741679444,0.3333333333333333,146810.96,0.3333333333333333,162111.1636,0.0,-15300.203600000008,False,
498,503,498,492,11095,1849.1666666666667,229568.24926273094,522808.2394604025,135007.54926273093,1.0,11095,11041,13.427819894087332,13.431312898819387,0.000270392068499324,0.3333333333333333,200000.0,0.3333333333333333,146810.96,0.0,53189.04000000001,False,
499,504,499,493,5988,998.0,236535.10408149633,601938.922603877,140469.95408149634,1.0,5988,5971,12.542180483346328,12.535166455290216,0.00033400133600534405,0.3333333333333333,200000.0,0.3333333333333333,200000.0,0.0,0.0,False,
500,505,500,494,4179,696.5,238778.4541756401,629942.8319369714,144240.65417564008,1.0,4179,4170,12.024634792784003,12.010277290989311,0.0004785833931562575,0.3333333333333333,200000.0,0.3333333333333333,200000.0,0.0,0.0,False,
501,506,501,495,10279,1713.1666666666667,180601.68108279014,483763.87453956826,110897.79108279014,1.0,10279,10250,13.321769725035747,13.31943486755934,0.0001945714563673509,0.3333333333333333,200000.0,0.3333333333333333,200000.0,0.0,0.0,False,
502,507,502,496,7051,1175.1666666666667,172078.5797659906,552418.4551818277,111770.0697659906,1.0,7051,7037,12.779641097322417,12.770066600796486,0.00028364770954474543,0.3333333333333333,200000.0,0.3333333333333333,200000.0,0.0,0.0,False,
503,508,503,497,6491,1081.8333333333333,170648.6769095671,567621.1501111803,111350.45690956709,1.0,6491,6480,12.660835732564939,12.648894617944029,0.0003081189339084887,0.3333333333333333,200000.0,0.3333333333333333,200000.0,0.0,0.0,False,
504,509,504,498,8349,1391.5,149698.66656725356,490750.3670888883,106218.61656725356,1.0,8349,8331,13.023075800412805,13.017326608892862,0.00023954964666427118,0.3333333333333333,200000.0,0.3333333333333333,200000.0,0.0,0.0,False,
505,510,505,499,8347,1391.1666666666667,145889.39011021925,445435.463739301,102429.86011021925,1.0,8347,8329,13.022729128764986,13.017697380831597,0.00023960704444710675,0.3333333333333333,200000.0,0.3333333333333333,200000.0,0.0,0.0,False,
506,511,506,500,9273,1545.5,141541.9275272296,438850.71694598545,104337.4675272296,1.0,9273,9251,13.174075481097764,13.170193242340082,0.00021567993098242207,0.3333333333333333,200000.0,0.3333333333333333,200000.0,0.0,0.0,False,
507,512,507,501,3173,528.8333333333334,147696.83774030884,623366.3437636031,134298.69774030882,1.0,3173,3171,11.630371169296144,11.605788755177013,0.0006303183107469272,0.3333333333333333,200000.0,0.3333333333333333,200000.0,0.0,0.0,False,
508,513,508,502,3159,526.5,136478.18958214624,554364.4875328747,123227.00958214625,1.0,3159,3157,11.623985998258428,11.603726422443296,0.0006331117442228553,0.3333333333333333,200000.0,0.3333333333333333,200000.0,0.0,0.0,False,
509,514,509,503,2852,475.3333333333333,131955.55910238432,562556.8556697831,119897.27910238432,1.0,2852,2851,11.4770570041718,11.456019136009106,0.0007012622720897616,0.3333333333333333,200000.0,0.3333333333333333,200000.0,0.0,0.0,False,
510,515,510,504,1262,210.33333333333334,189292.16795562598,791681.8923587609,174295.95795562599,1.0,1262,1261,10.299911408928665,10.247613469150535,0.001584786053882726,0.3333333333333333,200000.0,0.3333333333333333,200000.0,0.0,0.0,False,
511,516,511,505,1262,210.33333333333334,194294.1150554675,802140.8308520742,179297.9050554675,1.0,1262,1261,10.299911408928665,10.247613469150535,0.001584786053882726,0.3333333333333333,200000.0,0.3333333333333333,200000.0,0.0,0.0,False,
512,517,512,506,332,55.333333333333336,450714.1789457831,1405675.0755776626,345939.27894578315,1.0,332,332,8.375039431346927,8.188292443395119,0.0030120481927710845,0.3333333333333333,200000.0,0.3333333333333333,200000.0,0.0,0.0,False,
513,518,513,507,336,56.0,407291.2238988095,1259765.2449758674,290459.0738988095,1.0,336,336,8.392317422778762,8.207793613254951,0.002976190476190476,0.3333333333333333,200000.0,0.3333333333333333,200000.0,0.0,0.0,False,
514,519,514,508,332,55.333333333333336,298480.28418674704,863196.7158385227,196815.84418674704,1.0,332,332,8.375039431346927,8.200340636166203,0.0030120481927710845,0.3333333333333333,179832.5166,0.3333333333333333,200000.0,0.0,-20167.483399999997,False,
515,520,515,509,9059,1509.8333333333333,231423.0421503477,558084.5893993636,149783.28215034772,1.0,9059,9033,13.13939594036256,13.137408966082837,0.00022077491996909152,0.3333333333333333,200000.0,0.3333333333333333,179832.5166,0.0,20167.483399999997,False,
516,521,516,510,8777,1462.8333333333333,233384.57682009798,562236.785798963,151343.75682009797,1.0,8777,8751,13.093587616399919,13.092448274939283,0.0002278682921271505,0.3333333333333333,200000.0,0.3333333333333333,200000.0,0.0,0.0,False,
517,522,517,511,8781,1463.5,237032.28438560528,596998.0204241681,154963.19438560528,1.0,8781,8755,13.094247654350498,13.091570308375744,0.0002277644915157727,0.3333333333333333,200000.0,0.3333333333333333,200000.0,0.0,0.0,False,
518,523,518,512,10166,1694.3333333333333,227369.58692701158,575921.2815339144,146298.5069270116,1.0,10166,10131,13.304578818025666,13.303643368979401,0.0001967342120794806,0.3333333333333333,200000.0,0.3333333333333333,200000.0,0.0,0.0,False,
519,524,519,513,13642,2273.6666666666665,215277.78402873478,529934.6268077933,131443.31902873478,1.0,13642,13585,13.727411001305638,13.730232451605865,0.00014660606949127694,0.3333333333333333,200000.0,0.3333333333333333,200000.0,0.0,0.0,False,
520,525,520,514,13644,2274.0,215356.90715332745,530047.3957745067,131619.66215332746,1.0,13644,13587,13.727623718593172,13.73029817073299,0.0001465845793022574,0.3333333333333333,200000.0,0.3333333333333333,200000.0,0.0,0.0,False,
